,Club,ClubLeagueLevel,ClubLeagueNationality,Player,PlayerAge,PlayerHeight,TransferDate,PlayerMatchesPlayed,PlayerGoals,PlayerAssists,PlayerOwnGoals,PlayerSubstitutionIn,PlayerSubstitutionOut,PlayerYellowCards,PlayerSecondYellowCards,PlayerRedCards,PlayerMinutesPlayed,PlayerPosition,PlayerPositionScut,PlayerNationality,Operation,Bought/Sold,PlayerMarketValue,ClubAssigned,ClubAssignedLeagueLevel,ClubAssignedLeagueNationality,TransferValue,PlayerWithoutClub,PlayerGenericPosition,PlayerAgeGroup
0,Legia Warszawa,1,Polska,Ernest Muci,19,1.8,2021-02-23,94,24,6,0,41,26,6,0,0,5004,Środkowy napastnik,ŚNP,Albania,Transfer,Kupiony,1000000,KF Tirana,1,Albania,500000,False,Napastnik,Młody
1,Legia Warszawa,1,Polska,Josip Juranovic,24,1.73,2021-08-21,224,8,23,3,23,12,18,0,1,18428,Prawy obrońca,POB,Chorwacja,Transfer,Kupiony,2500000,HNK Hajduk Split,1,Chorwacja,400000,False,Obrońca,W sile wieku
2,Legia Warszawa,1,Polska,Jasur Yakhshiboev,23,1.8,2021-08-30,103,23,13,0,50,31,14,0,0,5086,Prawy napastnik,PNP,Uzbekistan,Transfer,Kupiony,700000,Pakhtakor Tashkent,1,Uzbekistan,300000,False,Napastnik,W sile wieku
3,Legia Warszawa,1,Polska,Rafa Lopes,29,1.85,2020-08-01,375,75,19,1,123,120,41,0,1,23321,Ofensywny pomocnik,OPM,Portugalia,Transfer,Kupiony,500000,Cracovia,1,Polska,150000,False,Pomocnik,W sile wieku
4,Legia Warszawa,1,Polska,Bartosz Kapustka,23,1.79,2020-08-13,151,20,19,0,36,54,25,0,1,10003,Ofensywny pomocnik,OPM,Polska,Transfer,Kupiony,1500000,Leicester City,1,Anglia,0,False,Pomocnik,W sile wieku
5,Legia Warszawa,1,Polska,Artur Boruc,40,1.93,2020-08-01,565,1,0,1,2,6,36,0,0,50650,Bramkarz,BRK,Polska,Transfer,Kupiony,50000,AFC Bournemouth,2,Anglia,0,False,Bramkarz,Zbliżający się do końca kariery
6,Legia Warszawa,1,Polska,Filip Mladenovic,28,1.8,2020-07-21,342,22,48,1,32,41,80,0,2,27869,Lewy obrońca,LOB,Serbia,Transfer,Kupiony,2500000,Lechia Gdańsk,1,Polska,0,False,Obrońca,W sile wieku
7,Legia Warszawa,1,Polska,Michal Karbownik,19,1.75,2021-08-28,121,0,14,0,15,19,14,0,1,9672,Prawy obrońca,POB,Polska,Wypożyczenie,Kupiony,5000000,Brighton & Hove Albion,1,Anglia,0,False,Obrońca,Młody
8,Legia Warszawa,1,Polska,Joel Valencia,25,1.64,2019-07-31,217,12,11,0,84,74,19,0,0,12278,Lewy napastnik,LNP,Ekwador,Wypożyczenie,Kupiony,400000,FC Brentford,1,Anglia,0,False,Napastnik,W sile wieku
9,Legia Warszawa,1,Polska,Bartlomiej Ciepiela,19,1.82,2020-11-21,95,13,9,0,27,42,25,3,0,5707,Ofensywny pomocnik,OPM,Polska,Transfer,Kupiony,0,Legia Warszawa II,4,Polska,0,False,Pomocnik,Młody
10,Legia Warszawa,1,Polska,Jakub Kisiel,17,1.84,2020-10-07,43,1,3,0,9,9,2,0,0,2960,Defensywny pomocnik,DPM,Polska,Transfer,Kupiony,100000,Legia Warszawa II,4,Polska,0,False,Pomocnik,Młody
11,Legia Warszawa,1,Polska,Kacper Tobiasz,17,1.91,2020-10-07,38,0,0,0,1,0,2,0,0,3374,Bramkarz,BRK,Polska,Transfer,Kupiony,300000,Legia Warszawa II,4,Polska,0,False,Bramkarz,Młody
12,Legia Warszawa,1,Polska,Kacper Skibicki,19,1.74,2020-11-04,75,6,5,0,37,34,7,0,0,3452,Prawy pomocnik,PPM,Polska,Transfer,Kupiony,400000,Legia Warszawa II,4,Polska,0,False,Pomocnik,Młody
13,Legia Warszawa,1,Polska,Nikodem Niski,18,1.78,2019-07-01,74,2,2,1,19,24,11,1,0,4709,Prawy obrońca,POB,Polska,Transfer,Kupiony,0,Legia Warszawa II,4,Polska,0,False,Obrońca,Młody
14,Legia Warszawa,1,Polska,Artem Shabanov,28,1.9,2018-01-06,188,5,1,1,11,10,45,3,1,15991,Środkowy obrońca,ŚOB,Ukraina,Wypożyczenie,Kupiony,1500000,Dynamo Kijów,1,Ukraina,0,False,Obrońca,W sile wieku
15,Legia Warszawa,1,Polska,Nazariy Rusyn,22,1.77,2021-07-01,73,20,7,0,33,25,8,1,0,3784,Środkowy napastnik,ŚNP,Ukraina,Wypożyczenie,Kupiony,500000,Dynamo Kijów,1,Ukraina,0,False,Napastnik,W sile wieku
16,Legia Warszawa,1,Polska,Cezary Miszta,18,1.92,2019-01-01,77,0,0,0,2,0,5,0,1,6766,Bramkarz,BRK,Polska,Wypożyczenie,Kupiony,300000,Radomiak Radom,1,Polska,0,False,Bramkarz,Młody
17,Legia Warszawa,1,Polska,Mateusz Holownia,22,1.84,2014-07-01,142,12,7,0,16,15,26,0,1,11056,Środkowy obrońca,ŚOB,Polska,Wypożyczenie,Kupiony,400000,Wisła Kraków,1,Polska,0,False,Obrońca,W sile wieku
18,Legia Warszawa,1,Polska,Dominik Nagy,25,1.74,2021-01-20,218,27,31,0,74,77,35,0,1,13447,Lewy napastnik,LNP,Węgry,Wypożyczenie,Kupiony,600000,Panathinaikos Ateny,1,Grecja,0,False,Napastnik,W sile wieku
19,Legia Warszawa,1,Polska,Mikolaj Kwietniewski,21,1.74,2021-07-24,110,15,9,0,32,48,15,0,0,6839,Ofensywny pomocnik,OPM,Polska,Wypożyczenie,Kupiony,250000,Wisła Płock,1,Polska,0,False,Pomocnik,Młody
20,Legia Warszawa,1,Polska,Mateusz Zyro,21,1.88,2020-08-05,175,3,2,2,21,20,31,2,0,13444,Środkowy obrońca,ŚOB,Polska,Wypożyczenie,Kupiony,400000,Stal Mielec,1,Polska,0,False,Obrońca,Młody
21,Legia Warszawa,1,Polska,Michal Karbownik,19,1.75,2021-08-28,121,0,14,0,15,19,14,0,1,9672,Prawy obrońca,POB,Polska,Transfer,Sprzedany,5000000,Brighton & Hove Albion,1,Anglia,5500000,False,Obrońca,Młody
22,Legia Warszawa,1,Polska,Arvydas Novikovas,29,1.76,2020-08-24,329,48,44,0,118,124,29,2,0,18922,Lewy napastnik,LNP,Litwa,Transfer,Sprzedany,700000,Büyüksehir Belediye Erzurumspor,2,Turcja,250000,False,Napastnik,W sile wieku
23,Legia Warszawa,1,Polska,Mateusz Zyro,21,1.88,2020-08-05,175,3,2,2,21,20,31,2,0,13444,Środkowy obrońca,ŚOB,Polska,Transfer,Sprzedany,400000,Stal Mielec,1,Polska,50000,False,Obrońca,Młody
24,Legia Warszawa,1,Polska,Pawel Stolarski,24,1.81,2021-01-01,176,3,12,1,58,31,31,0,0,11255,Prawy obrońca,POB,Polska,Transfer,Sprzedany,400000,Pogoń Szczecin,1,Polska,0,False,Obrońca,W sile wieku
25,Legia Warszawa,1,Polska,Vamara Sanogo,25,1.86,2021-08-12,99,26,12,0,38,37,17,0,1,5450,Środkowy napastnik,ŚNP,Francja,Transfer,Sprzedany,200000,Dinamo Batumi,1,Gruzja,0,False,Napastnik,W sile wieku
26,Legia Warszawa,1,Polska,Domagoj Antolic,30,1.8,2021-01-18,355,30,51,0,46,90,41,1,2,27087,Środkowy pomocnik,ŚPM,Chorwacja,Transfer,Sprzedany,950000,Damac FC,1,Arabia Saudyjska,0,False,Pomocnik,Doświadczony
27,Legia Warszawa,1,Polska,Ivan Obradovic,32,1.81,2020-10-04,293,6,30,1,20,45,44,0,0,23855,Lewy obrońca,LOB,Serbia,Transfer,Sprzedany,500000,FK Partizan Belgrad,1,Serbia,0,False,Obrońca,Doświadczony
28,Legia Warszawa,1,Polska,Piotr Pyrdol,21,1.78,2021-09-02,158,15,4,0,43,59,10,0,0,10107,Prawy napastnik,PNP,Polska,Transfer,Sprzedany,250000,Wisła Płock,1,Polska,0,False,Napastnik,Młody
29,Legia Warszawa,1,Polska,Salvador Agra,28,1.66,2020-08-14,327,37,42,0,103,109,50,1,3,20688,Prawy napastnik,PNP,Portugalia,Transfer,Sprzedany,600000,CD Tondela,1,Portugalia,0,False,Napastnik,W sile wieku
30,Legia Warszawa,1,Polska,Mateusz Praszelik,19,1.84,2020-08-01,137,21,18,0,33,75,17,0,1,8857,Ofensywny pomocnik,OPM,Polska,Transfer,Sprzedany,1200000,Śląsk Wrocław,1,Polska,0,False,Pomocnik,Młody
31,Legia Warszawa,1,Polska,José Kanté,30,1.84,2021-03-10,272,79,22,1,78,92,53,2,3,17738,Środkowy napastnik,ŚNP,Gwinea,Transfer,Sprzedany,1500000,Kairat Almaty,1,Kazachstan,0,False,Napastnik,Doświadczony
32,Legia Warszawa,1,Polska,Luís Rocha,27,1.77,2021-02-24,228,6,11,0,43,44,61,5,0,16572,Lewy obrońca,LOB,Portugalia,Transfer,Sprzedany,150000,Cracovia,1,Polska,0,False,Obrońca,W sile wieku
33,Legia Warszawa,1,Polska,Mateusz Kochalski,20,1.9,2021-08-16,112,0,0,0,1,0,6,0,0,10128,Bramkarz,BRK,Polska,Wypożyczenie,Sprzedany,300000,Radomiak Radom,1,Polska,0,False,Bramkarz,Młody
34,Legia Warszawa,1,Polska,Maciej Rosolek,19,1.83,2021-09-01,129,49,13,0,40,33,12,0,0,8484,Środkowy napastnik,ŚNP,Polska,Wypożyczenie,Sprzedany,800000,Arka Gdynia,2,Polska,0,False,Napastnik,Młody
37,Legia Warszawa,1,Polska,Nikodem Niski,18,1.78,2019-07-01,74,2,2,1,19,24,11,1,0,4709,Prawy obrońca,POB,Polska,Wypożyczenie,Sprzedany,0,Chrobry Głogów,2,Polska,0,False,Obrońca,Młody
38,Legia Warszawa,1,Polska,Michal Karbownik,19,1.75,2021-08-28,121,0,14,0,15,19,14,0,1,9672,Prawy obrońca,POB,Polska,Wypożyczenie,Sprzedany,5000000,Brighton & Hove Albion,1,Anglia,0,False,Obrońca,Młody
39,Legia Warszawa,1,Polska,Radoslaw Majecki,20,1.93,2020-01-29,159,0,0,0,0,0,8,0,1,14335,Bramkarz,BRK,Polska,Wypożyczenie,Sprzedany,3000000,AS Monaco,1,Francja,0,False,Bramkarz,Młody
40,Lech Poznań,1,Polska,Jesper Karlström,25,1.85,2021-01-01,320,32,22,0,41,86,62,1,0,24396,Defensywny pomocnik,DPM,Szwecja,Transfer,Kupiony,1500000,Djurgardens IF,1,Szwecja,800000,False,Pomocnik,W sile wieku
41,Lech Poznań,1,Polska,Jan Sykora,26,1.71,2021-08-27,252,36,34,0,48,102,33,0,0,17784,Lewy napastnik,LNP,Czechy,Transfer,Kupiony,600000,SK Slavia Praga,1,Czechy,700000,False,Napastnik,W sile wieku
42,Lech Poznań,1,Polska,Antonio Milic,26,1.9,2021-01-10,252,18,7,1,30,27,46,1,1,19847,Środkowy obrońca,ŚOB,Chorwacja,Transfer,Kupiony,800000,RSC Anderlecht,1,Belgia,500000,False,Obrońca,W sile wieku
44,Lech Poznań,1,Polska,Bartosz Salamon,29,1.94,2021-01-09,315,19,7,1,48,43,49,1,1,23902,Środkowy obrońca,ŚOB,Polska,Transfer,Kupiony,800000,SPAL,2,Włochy,0,False,Obrońca,W sile wieku
45,Lech Poznań,1,Polska,Nika Kvekveskiri,28,1.86,2021-01-29,278,23,29,1,65,38,27,1,1,19971,Defensywny pomocnik,DPM,Gruzja,Transfer,Kupiony,600000,Tobył Kostanaj,1,Kazachstan,0,False,Pomocnik,W sile wieku
46,Lech Poznań,1,Polska,Alan Czerwinski,27,1.81,2020-08-01,283,5,36,0,27,34,45,2,1,22992,Prawy obrońca,POB,Polska,Transfer,Kupiony,600000,Zagłębie Lubin,1,Polska,0,False,Obrońca,W sile wieku
47,Lech Poznań,1,Polska,Filip Bednarek,27,1.88,2020-07-01,219,0,0,2,2,0,5,0,0,19663,Bramkarz,BRK,Polska,Transfer,Kupiony,700000,SC Heerenveen,1,Holandia,0,False,Bramkarz,W sile wieku
48,Lech Poznań,1,Polska,Mikael Ishak,27,1.85,2020-07-20,321,106,31,0,70,129,29,0,2,21954,Środkowy napastnik,ŚNP,Szwecja,Transfer,Kupiony,2500000,1.FC Nürnberg,2,Niemcy,0,False,Napastnik,W sile wieku
49,Lech Poznań,1,Polska,Jakub Moder,21,1.91,2020-10-04,206,25,21,0,55,59,24,1,0,13649,Środkowy pomocnik,ŚPM,Polska,Wypożyczenie,Kupiony,10000000,Brighton & Hove Albion,1,Anglia,0,False,Pomocnik,Młody
50,Lech Poznań,1,Polska,Mohammad Awwad,23,1.82,2021-09-09,136,29,8,0,80,34,23,0,1,5784,Środkowy napastnik,ŚNP,Izrael,Wypożyczenie,Kupiony,500000,Maccabi Haifa,1,Izrael,0,False,Napastnik,W sile wieku
51,Lech Poznań,1,Polska,Vasyl Kravets,23,1.85,2021-07-13,145,0,13,1,35,25,45,2,0,9990,Lewy obrońca,LOB,Ukraina,Wypożyczenie,Kupiony,800000,CD Leganés,2,Hiszpania,0,False,Obrońca,W sile wieku
52,Lech Poznań,1,Polska,Marko Malenica,26,1.93,2013-01-14,171,0,0,0,2,1,4,0,1,15359,Bramkarz,BRK,Chorwacja,Wypożyczenie,Kupiony,300000,NK Osijek,1,Chorwacja,0,False,Bramkarz,W sile wieku
53,Lech Poznań,1,Polska,Hubert Sobol,20,1.83,2021-07-01,110,64,7,0,37,22,15,1,0,6847,Środkowy napastnik,ŚNP,Polska,Transfer,Kupiony,250000,Lech Poznań II,3,Polska,0,False,Napastnik,Młody
54,Lech Poznań,1,Polska,Filip Borowski,17,1.79,2020-10-27,56,1,0,0,4,15,16,0,0,4431,Prawy obrońca,POB,Polska,Transfer,Kupiony,100000,Lech Poznań II,3,Polska,0,False,Obrońca,Młody
55,Lech Poznań,1,Polska,Krystian Palacz,17,1.8,2021-01-27,57,5,4,0,9,11,14,0,0,4229,Lewy obrońca,LOB,Polska,Transfer,Kupiony,100000,Lech Poznań II,3,Polska,0,False,Obrońca,Młody
56,Lech Poznań,1,Polska,Norbert Paclawski,16,1.8,2021-01-27,52,10,4,0,23,18,3,0,0,2642,Środkowy napastnik,ŚNP,Polska,Transfer,Kupiony,100000,Lech Poznań II,3,Polska,0,False,Napastnik,Junior starszy
57,Lech Poznań,1,Polska,Antoni Kozubal,16,1.77,2021-01-27,50,6,2,0,11,21,15,1,0,3400,Środkowy pomocnik,ŚPM,Polska,Transfer,Kupiony,100000,Lech Poznań II,3,Polska,0,False,Pomocnik,Junior starszy
58,Lech Poznań,1,Polska,Filip Wilak,17,1.8,2020-10-27,45,6,3,0,20,22,8,1,0,2154,Środkowy napastnik,ŚNP,Polska,Transfer,Kupiony,100000,Lech Poznań II,3,Polska,0,False,Napastnik,Młody
60,Lech Poznań,1,Polska,Nika Kacharava,26,1.98,2018-07-01,172,61,33,0,60,50,27,2,0,10393,Środkowy napastnik,ŚNP,Gruzja,Wypożyczenie,Kupiony,500000,Anorthosis Famagusta,1,Cypr,0,False,Napastnik,W sile wieku
61,Lech Poznań,1,Polska,Pawel Tomczyk,22,1.85,2021-01-13,191,78,10,0,95,67,10,1,0,9262,Środkowy napastnik,ŚNP,Polska,Wypożyczenie,Kupiony,200000,Stal Mielec,1,Polska,0,False,Napastnik,W sile wieku
62,Lech Poznań,1,Polska,Mateusz Skrzypczak,20,1.86,2019-02-04,138,7,0,0,26,25,25,2,0,9988,Środkowy obrońca,ŚOB,Polska,Wypożyczenie,Kupiony,200000,Puszcza Niepołomice,2,Polska,0,False,Obrońca,Młody
63,Lech Poznań,1,Polska,Tymoteusz Klups,20,1.79,2017-12-11,108,12,15,0,33,53,8,1,1,6269,Prawy napastnik,PNP,Polska,Wypożyczenie,Kupiony,200000,Piast Gliwice,1,Polska,0,False,Napastnik,Młody
64,Lech Poznań,1,Polska,Wiktor Plesnierowicz,19,1.86,2021-07-01,83,4,0,0,13,12,14,2,0,6169,Środkowy obrońca,ŚOB,Polska,Wypożyczenie,Kupiony,150000,Roma Primavera,8,Włochy,0,False,Obrońca,Młody
65,Lech Poznań,1,Polska,Bartosz Mrozek,21,1.91,2016-07-12,150,0,0,0,1,0,7,0,0,13544,Bramkarz,BRK,Polska,Wypożyczenie,Kupiony,100000,GKS Katowice,2,Polska,0,False,Bramkarz,Młody
66,Lech Poznań,1,Polska,Jakub Moder,21,1.91,2020-10-04,206,25,21,0,55,59,24,1,0,13649,Środkowy pomocnik,ŚPM,Polska,Transfer,Sprzedany,10000000,Brighton & Hove Albion,1,Anglia,11000000,False,Pomocnik,Młody
67,Lech Poznań,1,Polska,Kamil Jozwiak,22,1.76,2020-09-16,205,23,22,0,61,76,24,0,0,12929,Lewy napastnik,LNP,Polska,Transfer,Sprzedany,3500000,Derby County,2,Anglia,4300000,False,Napastnik,W sile wieku
68,Lech Poznań,1,Polska,Robert Gumny,22,1.78,2020-09-02,170,8,7,0,21,18,25,0,0,13438,Prawy obrońca,POB,Polska,Transfer,Sprzedany,3000000,FC Augsburg,1,Niemcy,2000000,False,Obrońca,W sile wieku
69,Lech Poznań,1,Polska,Pawel Tomczyk,22,1.85,2021-01-13,191,78,10,0,95,67,10,1,0,9262,Środkowy napastnik,ŚNP,Polska,Transfer,Sprzedany,200000,Widzew Łódź,2,Polska,50000,False,Napastnik,W sile wieku
70,Lech Poznań,1,Polska,Wiktor Plesnierowicz,19,1.86,2021-07-01,83,4,0,0,13,12,14,2,0,6169,Środkowy obrońca,ŚOB,Polska,Transfer,Sprzedany,150000,Miedź Legnica,2,Polska,50000,False,Obrońca,Młody
71,Lech Poznań,1,Polska,Volodymyr Kostevych,27,1.74,2021-09-03,215,8,17,0,6,22,28,0,0,18566,Lewy obrońca,LOB,Ukraina,Transfer,Sprzedany,700000,Dynamo Kijów,1,Ukraina,0,False,Obrońca,W sile wieku
72,Lech Poznań,1,Polska,Tomasz Cywka,32,1.8,2020-08-29,295,23,24,1,90,65,25,3,1,18639,Defensywny pomocnik,DPM,Polska,Transfer,Sprzedany,125000,Chrobry Głogów,2,Polska,0,False,Pomocnik,Doświadczony
73,Lech Poznań,1,Polska,Karol Szymanski,27,1.92,2020-08-01,151,0,0,1,0,0,11,0,0,13620,Bramkarz,BRK,Polska,Transfer,Sprzedany,50000,Piast Gliwice,1,Polska,0,False,Bramkarz,W sile wieku
74,Lech Poznań,1,Polska,Christian Gytkjaer,30,1.85,2020-08-01,402,176,32,2,70,142,25,1,0,28938,Środkowy napastnik,ŚNP,Dania,Transfer,Sprzedany,2500000,AC Monza,2,Włochy,0,False,Napastnik,Doświadczony
75,Lech Poznań,1,Polska,Mateusz Skrzypczak,20,1.86,2019-02-04,138,7,0,0,26,25,25,2,0,9988,Środkowy obrońca,ŚOB,Polska,Wypożyczenie,Sprzedany,200000,Stomil Olsztyn,2,Polska,0,False,Obrońca,Młody
76,Lech Poznań,1,Polska,Jakub Niewiadomski,18,1.84,2021-01-22,77,9,2,0,23,18,17,0,0,5003,Lewy obrońca,LOB,Polska,Wypożyczenie,Sprzedany,125000,GKS 1962 Jastrzębie,2,Polska,0,False,Obrońca,Młody
77,Lech Poznań,1,Polska,Milosz Mleczko,21,1.91,2016-07-12,125,0,0,0,1,0,7,0,0,11257,Bramkarz,BRK,Polska,Wypożyczenie,Sprzedany,300000,Widzew Łódź,2,Polska,0,False,Bramkarz,Młody
78,Lech Poznań,1,Polska,Djordje Crnomarkovic,27,1.88,2021-07-29,188,1,1,3,12,15,49,3,1,15824,Środkowy obrońca,ŚOB,Serbia,Wypożyczenie,Sprzedany,400000,Zagłębie Lubin,1,Polska,0,False,Obrońca,W sile wieku
79,Lech Poznań,1,Polska,Juliusz Letniowski,22,1.83,2021-07-02,132,41,22,0,22,50,38,3,0,9551,Defensywny pomocnik,DPM,Polska,Wypożyczenie,Sprzedany,400000,Arka Gdynia,2,Polska,0,False,Pomocnik,W sile wieku
80,Lech Poznań,1,Polska,Karlo Muhar,25,1.9,2021-08-30,199,13,4,1,35,39,45,3,0,14609,Defensywny pomocnik,DPM,Chorwacja,Wypożyczenie,Sprzedany,800000,Kayserispor,1,Turcja,0,False,Pomocnik,W sile wieku
81,Lech Poznań,1,Polska,Pawel Tomczyk,22,1.85,2021-01-13,191,78,10,0,95,67,10,1,0,9262,Środkowy napastnik,ŚNP,Polska,Wypożyczenie,Sprzedany,200000,Stal Mielec,1,Polska,0,False,Napastnik,W sile wieku
82,Lech Poznań,1,Polska,Mateusz Skrzypczak,19,1.86,2019-02-04,138,7,0,0,26,25,25,2,0,9988,Środkowy obrońca,ŚOB,Polska,Wypożyczenie,Sprzedany,200000,Puszcza Niepołomice,2,Polska,0,False,Obrońca,Młody
83,Lech Poznań,1,Polska,Mohammad Awwad,23,1.82,2021-09-09,136,29,8,0,80,34,23,0,1,5784,Środkowy napastnik,ŚNP,Izrael,Wypożyczenie,Sprzedany,500000,Maccabi Haifa,1,Izrael,0,False,Napastnik,W sile wieku
84,Lech Poznań,1,Polska,Jakub Moder,21,1.91,2020-10-04,206,25,21,0,55,59,24,1,0,13649,Środkowy pomocnik,ŚPM,Polska,Wypożyczenie,Sprzedany,10000000,Brighton & Hove Albion,1,Anglia,0,False,Pomocnik,Młody
86,Lech Poznań,1,Polska,Timur Zhamaletdinov,23,1.82,2020-08-12,217,61,10,0,89,77,19,2,0,11587,Środkowy napastnik,ŚNP,Rosja,Wypożyczenie,Sprzedany,700000,CSKA Moskwa,1,Rosja,0,False,Napastnik,W sile wieku
87,Lech Poznań,1,Polska,Marko Malenica,26,1.93,2013-01-14,171,0,0,0,2,1,4,0,1,15359,Bramkarz,BRK,Chorwacja,Wypożyczenie,Sprzedany,300000,NK Osijek,1,Chorwacja,0,False,Bramkarz,W sile wieku
89,Piast Gliwice,1,Polska,Patryk Lipski,26,1.86,2020-08-03,185,21,30,0,45,40,23,1,0,12908,Ofensywny pomocnik,OPM,Polska,Transfer,Kupiony,400000,Lechia Gdańsk,1,Polska,150000,False,Pomocnik,W sile wieku
90,Piast Gliwice,1,Polska,Mateusz Winciersz,20,1.78,2021-01-10,77,12,9,0,22,28,8,1,0,4943,Lewy napastnik,LNP,Polska,Transfer,Kupiony,200000,Ruch Chorzów,3,Polska,50000,False,Napastnik,Młody
91,Piast Gliwice,1,Polska,Arkadiusz Pyrka,17,1.77,2020-08-04,92,6,8,0,43,38,9,0,0,4657,Prawy napastnik,PNP,Polska,Transfer,Kupiony,750000,Znicz Pruszków,3,Polska,0,False,Napastnik,Młody
92,Piast Gliwice,1,Polska,Karol Szymanski,27,1.92,2020-08-01,151,0,0,1,0,0,11,0,0,13620,Bramkarz,BRK,Polska,Transfer,Kupiony,50000,Lech Poznań,1,Polska,0,False,Bramkarz,W sile wieku
94,Piast Gliwice,1,Polska,Michal Zyro,27,1.89,2021-08-30,285,51,49,0,123,95,28,1,0,15243,Środkowy napastnik,ŚNP,Polska,Transfer,Kupiony,300000,Korona Kielce,2,Polska,0,False,Napastnik,W sile wieku
95,Piast Gliwice,1,Polska,Jakub Swierczok,27,1.84,2021-07-20,286,130,29,0,103,100,40,0,0,16988,Środkowy napastnik,ŚNP,Polska,Wypożyczenie,Kupiony,3000000,Ludogorets Razgrad,1,Bułgaria,0,False,Napastnik,W sile wieku
100,Piast Gliwice,1,Polska,Wojciech Kaminski,19,1.86,2021-07-28,60,1,2,0,11,14,13,0,0,4416,Środkowy pomocnik,ŚPM,Polska,Wypożyczenie,Kupiony,100000,Sandecja Nowy Sącz,2,Polska,0,False,Pomocnik,Młody
102,Piast Gliwice,1,Polska,Sebastian Pociecha,21,1.77,2021-07-01,98,6,3,0,26,29,24,2,0,6152,Prawy obrońca,POB,Polska,Wypożyczenie,Kupiony,0,Polonia Warszawa,4,Polska,0,False,Obrońca,Młody
103,Piast Gliwice,1,Polska,Lukasz Krakowczyk,22,1.78,2021-08-01,67,26,0,0,25,21,7,0,1,3850,Środkowy napastnik,ŚNP,Polska,Wypożyczenie,Kupiony,0,Polonia Bytom,4,Polska,0,False,Napastnik,W sile wieku
105,Piast Gliwice,1,Polska,Bartosz Walencik,23,1.94,2020-07-02,158,9,0,1,18,8,29,1,1,12530,Środkowy obrońca,ŚOB,Polska,Wypożyczenie,Kupiony,0,Legionovia Legionowo,4,Polska,0,False,Obrońca,W sile wieku
106,Piast Gliwice,1,Polska,Wojciech Kaminski,19,1.86,2021-07-28,60,1,2,0,11,14,13,0,0,4416,Środkowy pomocnik,ŚPM,Polska,Wypożyczenie,Kupiony,100000,Bruk-Bet Termalica Nieciecza,1,Polska,0,False,Pomocnik,Młody
107,Piast Gliwice,1,Polska,Karol Dybowski,23,1.86,2021-07-01,86,0,0,0,1,1,3,0,0,7773,Bramkarz,BRK,Polska,Wypożyczenie,Kupiony,100000,Bruk-Bet Termalica Nieciecza,1,Polska,0,False,Bramkarz,W sile wieku
108,Piast Gliwice,1,Polska,Piotr Parzyszek,27,1.91,2021-07-12,326,115,26,0,89,128,18,0,1,20442,Środkowy napastnik,ŚNP,Polska,Transfer,Sprzedany,800000,Frosinone Calcio,2,Włochy,500000,False,Napastnik,W sile wieku
109,Piast Gliwice,1,Polska,Jorge Félix,28,1.75,2020-08-04,301,63,11,0,81,87,21,0,2,20135,Środkowy napastnik,ŚNP,Hiszpania,Transfer,Sprzedany,800000,Sivasspor,1,Turcja,0,False,Napastnik,W sile wieku
110,Piast Gliwice,1,Polska,Mikkel Kirkeskov,29,1.85,2021-01-01,311,4,23,3,21,18,47,1,0,26311,Lewy obrońca,LOB,Dania,Transfer,Sprzedany,500000,Holstein Kiel,2,Niemcy,0,False,Obrońca,W sile wieku
111,Piast Gliwice,1,Polska,Uros Korun,33,1.88,2020-08-05,409,25,8,5,50,37,85,3,4,32521,Środkowy obrońca,ŚOB,Słowenia,Transfer,Sprzedany,50000,NK Olimpija Ljubljana,1,Słowenia,0,False,Obrońca,Doświadczony
112,Piast Gliwice,1,Polska,Karol Dybowski,23,1.86,2021-07-01,86,0,0,0,1,1,3,0,0,7773,Bramkarz,BRK,Polska,Transfer,Sprzedany,100000,Resovia Rzeszów,2,Polska,0,False,Bramkarz,W sile wieku
113,Piast Gliwice,1,Polska,Tom Hateley,30,1.81,2021-10-11,425,21,55,0,29,64,57,0,0,34984,Defensywny pomocnik,DPM,Anglia,Transfer,Sprzedany,200000,AEK Larnaka,1,Cypr,0,False,Pomocnik,Doświadczony
114,Piast Gliwice,1,Polska,Bartosz Walencik,23,1.94,2020-07-02,158,9,0,1,18,8,29,1,1,12530,Środkowy obrońca,ŚOB,Polska,Transfer,Sprzedany,0,KKS 1925 Kalisz,3,Polska,0,False,Obrońca,W sile wieku
115,Piast Gliwice,1,Polska,Aleksander Jagiello,25,1.7,2021-01-15,149,15,14,0,58,49,7,0,0,8357,Lewy napastnik,LNP,Polska,Transfer,Sprzedany,100000,Górnik Łęczna,1,Polska,0,False,Napastnik,W sile wieku
117,Piast Gliwice,1,Polska,Sebastian Pociecha,21,1.77,2021-07-01,98,6,3,0,26,29,24,2,0,6152,Prawy obrońca,POB,Polska,Wypożyczenie,Sprzedany,0,Broń Radom,4,Polska,0,False,Obrońca,Młody
118,Piast Gliwice,1,Polska,Wojciech Kaminski,20,1.86,2021-07-28,60,1,2,0,11,14,13,0,0,4416,Środkowy pomocnik,ŚPM,Polska,Wypożyczenie,Sprzedany,100000,Wigry Suwałki,3,Polska,0,False,Pomocnik,Młody
119,Piast Gliwice,1,Polska,Michal Bodys,21,1.88,2021-07-31,80,0,0,0,0,1,2,0,0,7177,Bramkarz,BRK,Polska,Wypożyczenie,Sprzedany,0,Foto-Higiena Gać,4,Polska,0,False,Bramkarz,Młody
122,Piast Gliwice,1,Polska,Wojciech Kaminski,19,1.86,2021-07-28,60,1,2,0,11,14,13,0,0,4416,Środkowy pomocnik,ŚPM,Polska,Wypożyczenie,Sprzedany,100000,Sandecja Nowy Sącz,2,Polska,0,False,Pomocnik,Młody
123,Piast Gliwice,1,Polska,Wiktor Preuss,18,1.87,2020-09-29,56,1,4,0,23,18,8,0,0,3062,Prawy napastnik,PNP,Polska,Wypożyczenie,Sprzedany,0,Pogoń Siedlce,3,Polska,0,False,Napastnik,Młody
124,Piast Gliwice,1,Polska,Michal Rakowiecki,20,1.83,2021-07-30,32,0,0,0,14,18,2,0,0,1503,Środkowy pomocnik,ŚPM,Polska,Wypożyczenie,Sprzedany,0,Gwarek Tarnowskie Góry,4,Polska,0,False,Pomocnik,Młody
125,Piast Gliwice,1,Polska,Patryk Krolczyk,26,1.88,2021-02-04,56,0,0,0,5,1,4,0,0,4754,Bramkarz,BRK,Polska,Wypożyczenie,Sprzedany,50000,GKS Katowice,2,Polska,0,False,Bramkarz,W sile wieku
127,Piast Gliwice,1,Polska,Tymoteusz Klups,20,1.79,2017-12-11,108,12,15,0,33,53,8,1,1,6269,Prawy napastnik,PNP,Polska,Wypożyczenie,Sprzedany,200000,Lech Poznań,1,Polska,0,False,Napastnik,Młody
128,Lechia Gdańsk,1,Polska,Kristers Tobers,19,1.89,2020-08-01,96,5,0,0,10,14,21,0,1,7516,Środkowy obrońca,ŚOB,Łotwa,Transfer,Kupiony,600000,FK Lipawa,1,Łotwa,100000,False,Obrońca,Młody
129,Lechia Gdańsk,1,Polska,Jan Bieganski,18,1.83,2021-01-01,47,2,2,0,13,19,7,0,0,2826,Defensywny pomocnik,DPM,Polska,Transfer,Kupiony,800000,GKS Tychy,2,Polska,0,False,Pomocnik,Młody
130,Lechia Gdańsk,1,Polska,Joseph Ceesay,22,1.78,2021-01-14,154,29,13,0,32,45,23,2,0,10749,Lewy napastnik,LNP,Szwecja,Transfer,Kupiony,700000,Helsingborgs IF,2,Szwecja,0,False,Napastnik,W sile wieku
131,Lechia Gdańsk,1,Polska,Mykola Musolitin,21,1.77,2021-01-01,100,4,8,0,40,24,14,0,1,5590,Prawy pomocnik,PPM,Ukraina,Transfer,Kupiony,250000,Valmiera FC,1,Łotwa,0,False,Pomocnik,Młody
132,Lechia Gdańsk,1,Polska,Bartosz Kopacz,28,1.88,2020-08-01,319,21,7,0,17,7,47,2,1,27246,Środkowy obrońca,ŚOB,Polska,Transfer,Kupiony,750000,Zagłębie Lubin,1,Polska,0,False,Obrońca,W sile wieku
137,Lechia Gdańsk,1,Polska,Adam Chrzanowski,21,1.86,2020-07-01,103,5,0,1,15,17,17,1,3,7716,Lewy obrońca,LOB,Polska,Wypożyczenie,Kupiony,300000,Miedź Legnica,2,Polska,0,False,Obrońca,Młody
138,Lechia Gdańsk,1,Polska,Lukas Haraslin,24,1.82,2021-08-30,200,34,27,0,70,94,27,0,2,11703,Lewy napastnik,LNP,Słowacja,Wypożyczenie,Kupiony,1500000,US Sassuolo,1,Włochy,0,False,Napastnik,W sile wieku
139,Lechia Gdańsk,1,Polska,Daniel Lukasik,29,1.8,2020-08-17,253,6,13,0,57,86,43,1,0,17435,Defensywny pomocnik,DPM,Polska,Wypożyczenie,Kupiony,300000,MKE Ankaragücü,2,Turcja,0,False,Pomocnik,W sile wieku
140,Lechia Gdańsk,1,Polska,Mateusz Sopocko,21,1.75,2021-01-27,78,8,0,0,37,19,6,0,0,4012,Ofensywny pomocnik,OPM,Polska,Wypożyczenie,Kupiony,150000,Podbeskidzie Bielsko-Biała,2,Polska,0,False,Pomocnik,Młody
141,Lechia Gdańsk,1,Polska,Lukas Haraslin,24,1.82,2021-08-30,200,34,27,0,70,94,27,0,2,11703,Lewy napastnik,LNP,Słowacja,Transfer,Sprzedany,1500000,US Sassuolo,1,Włochy,1700000,False,Napastnik,W sile wieku
142,Lechia Gdańsk,1,Polska,Daniel Lukasik,29,1.8,2020-08-17,253,6,13,0,57,86,43,1,0,17435,Defensywny pomocnik,DPM,Polska,Transfer,Sprzedany,300000,MKE Ankaragücü,2,Turcja,250000,False,Pomocnik,W sile wieku
143,Lechia Gdańsk,1,Polska,Patryk Lipski,26,1.86,2020-08-03,185,21,30,0,45,40,23,1,0,12908,Ofensywny pomocnik,OPM,Polska,Transfer,Sprzedany,400000,Piast Gliwice,1,Polska,150000,False,Pomocnik,W sile wieku
144,Lechia Gdańsk,1,Polska,Kacper Urbanski,16,1.78,2021-07-01,23,1,2,0,10,10,1,0,0,1079,Ofensywny pomocnik,OPM,Polska,Wypożyczenie,Sprzedany,200000,Bologna Under 17,8,Włochy,150000,False,Pomocnik,Junior starszy
146,Lechia Gdańsk,1,Polska,Jakub Arak,25,1.83,2021-02-18,194,41,14,0,93,75,17,0,0,9104,Środkowy napastnik,ŚNP,Polska,Transfer,Sprzedany,300000,Raków Częstochowa,1,Polska,0,False,Napastnik,W sile wieku
147,Lechia Gdańsk,1,Polska,Mateusz Sopocko,21,1.75,2021-01-27,78,8,0,0,37,19,6,0,0,4012,Ofensywny pomocnik,OPM,Polska,Transfer,Sprzedany,150000,Warta Poznań,1,Polska,0,False,Pomocnik,Młody
148,Lechia Gdańsk,1,Polska,Mateusz Cegielka,18,1.87,2020-08-31,32,7,1,0,6,16,6,0,0,2227,Środkowy pomocnik,ŚPM,Polska,Transfer,Sprzedany,0,Chojniczanka Chojnice,3,Polska,0,False,Pomocnik,Młody
149,Lechia Gdańsk,1,Polska,Adrian Petk,18,1.83,2021-08-31,47,1,0,0,12,13,6,1,0,3146,Środkowy pomocnik,ŚPM,Polska,Transfer,Sprzedany,0,Miedź Legnica,2,Polska,0,False,Pomocnik,Młody
150,Lechia Gdańsk,1,Polska,Maciej Wozniak,19,1.85,2021-07-01,29,0,0,0,0,0,1,0,0,2610,Bramkarz,BRK,Polska,Transfer,Sprzedany,0,Radunia Stężyca,3,Polska,0,False,Bramkarz,Młody
151,Lechia Gdańsk,1,Polska,Filip Mladenovic,28,1.8,2020-07-21,342,22,48,1,32,41,80,0,2,27869,Lewy obrońca,LOB,Serbia,Transfer,Sprzedany,2500000,Legia Warszawa,1,Polska,0,False,Obrońca,W sile wieku
152,Lechia Gdańsk,1,Polska,Blazej Augustyn,32,1.91,2020-08-01,247,11,2,4,21,23,82,11,3,19911,Środkowy obrońca,ŚOB,Polska,Transfer,Sprzedany,250000,Jagiellonia Białystok,1,Polska,0,False,Obrońca,Doświadczony
153,Lechia Gdańsk,1,Polska,Marcel Wszolek,18,1.8,2020-07-01,21,1,2,0,0,6,2,0,0,1790,Środkowy pomocnik,ŚPM,Polska,Transfer,Sprzedany,25000,ŁKS Łódź,2,Polska,0,False,Pomocnik,Młody
154,Lechia Gdańsk,1,Polska,Adam Chrzanowski,21,1.86,2020-07-01,103,5,0,1,15,17,17,1,3,7716,Lewy obrońca,LOB,Polska,Transfer,Sprzedany,300000,Pordenone Calcio,2,Włochy,0,False,Obrońca,Młody
157,Lechia Gdańsk,1,Polska,Rafal Kobryn,21,1.84,2021-07-05,110,2,1,0,14,11,11,2,0,8646,Prawy obrońca,POB,Polska,Wypożyczenie,Sprzedany,250000,Korona Kielce,2,Polska,0,False,Obrońca,Młody
158,Lechia Gdańsk,1,Polska,Kristers Tobers,19,1.89,2020-08-01,96,5,0,0,10,14,21,0,1,7516,Środkowy obrońca,ŚOB,Łotwa,Wypożyczenie,Sprzedany,600000,FK Lipawa,1,Łotwa,0,False,Obrońca,Młody
159,Lechia Gdańsk,1,Polska,Jaroslav Mihalik,26,1.8,2021-08-06,276,44,40,0,72,133,15,0,0,17108,Prawy pomocnik,PPM,Słowacja,Wypożyczenie,Sprzedany,250000,Cracovia,1,Polska,0,False,Pomocnik,W sile wieku
160,Śląsk Wrocław,1,Polska,Lukasz Bejger,19,1.9,2021-01-23,56,0,3,0,8,9,3,0,0,4255,Środkowy obrońca,ŚOB,Polska,Transfer,Kupiony,750000,Manchester United U23,8,Anglia,180000,False,Obrońca,Młody
161,Śląsk Wrocław,1,Polska,Patryk Janasik,22,1.78,2020-08-01,139,8,11,1,19,27,16,1,0,10837,Prawy obrońca,POB,Polska,Transfer,Kupiony,450000,Odra Opole,2,Polska,50000,False,Obrońca,W sile wieku
162,Śląsk Wrocław,1,Polska,Waldemar Sobota,33,1.75,2020-07-31,393,52,52,0,82,122,48,1,0,27864,Środkowy pomocnik,ŚPM,Polska,Transfer,Kupiony,150000,FC St. Pauli,2,Niemcy,0,False,Pomocnik,Doświadczony
163,Śląsk Wrocław,1,Polska,Michal Szromnik,27,1.9,2020-08-01,173,0,0,0,3,2,17,0,2,15178,Bramkarz,BRK,Polska,Transfer,Kupiony,500000,Chrobry Głogów,2,Polska,0,False,Bramkarz,W sile wieku
164,Śląsk Wrocław,1,Polska,Marcel Zylla,20,1.78,2020-09-08,133,31,21,0,43,48,10,1,0,7725,Ofensywny pomocnik,OPM,Polska,Transfer,Kupiony,300000,Bayern Monachium II,4,Niemcy,0,False,Pomocnik,Młody
165,Śląsk Wrocław,1,Polska,Mateusz Praszelik,19,1.84,2020-08-01,137,21,18,0,33,75,17,0,1,8857,Ofensywny pomocnik,OPM,Polska,Transfer,Kupiony,1200000,Legia Warszawa,1,Polska,0,False,Pomocnik,Młody
166,Śląsk Wrocław,1,Polska,Rafal Makowski,23,1.91,2020-08-01,173,22,15,0,34,33,19,0,0,12535,Ofensywny pomocnik,OPM,Polska,Transfer,Kupiony,400000,Radomiak Radom,1,Polska,0,False,Pomocnik,W sile wieku
170,Śląsk Wrocław,1,Polska,Olivier Wypart,19,1.82,2020-12-17,65,0,3,0,8,16,15,1,0,4882,Lewy obrońca,LOB,Polska,Transfer,Kupiony,25000,Śląsk Wrocław II,3,Polska,0,False,Obrońca,Młody
171,Śląsk Wrocław,1,Polska,Szymon Lewkot,21,1.89,2020-07-01,163,16,3,0,42,45,23,0,0,10810,Środkowy obrońca,ŚOB,Polska,Transfer,Kupiony,500000,Śląsk Wrocław II,3,Polska,0,False,Obrońca,Młody
172,Śląsk Wrocław,1,Polska,Bartlomiej Frasik,19,1.9,2021-07-07,71,0,0,0,2,1,1,0,0,6263,Bramkarz,BRK,Polska,Transfer,Kupiony,0,Śląsk Wrocław II,3,Polska,0,False,Bramkarz,Młody
173,Śląsk Wrocław,1,Polska,Maciej Palaszewski,22,1.75,2021-07-26,154,6,0,0,39,50,39,0,0,10331,Środkowy pomocnik,ŚPM,Polska,Wypożyczenie,Kupiony,250000,Stomil Olsztyn,2,Polska,0,False,Pomocnik,W sile wieku
174,Śląsk Wrocław,1,Polska,Maciej Bulawski,18,1.76,2020-10-08,95,11,2,0,46,20,11,1,1,4931,Lewy napastnik,LNP,Polska,Wypożyczenie,Kupiony,0,Elana Toruń,4,Polska,0,False,Napastnik,Młody
175,Śląsk Wrocław,1,Polska,Przemyslaw Placheta,22,1.78,2020-07-27,145,23,13,0,48,62,9,0,0,8947,Lewy napastnik,LNP,Polska,Transfer,Sprzedany,2000000,Norwich City,1,Anglia,3000000,False,Napastnik,W sile wieku
176,Śląsk Wrocław,1,Polska,Jakub Labojko,22,1.79,2020-09-18,144,7,4,0,40,25,23,0,0,9650,Środkowy pomocnik,ŚPM,Polska,Transfer,Sprzedany,650000,Brescia Calcio,2,Włochy,600000,False,Pomocnik,W sile wieku
177,Śląsk Wrocław,1,Polska,Kamil Dankowski,24,1.8,2020-09-01,133,1,8,1,32,29,14,0,0,8980,Prawy obrońca,POB,Polska,Transfer,Sprzedany,200000,ŁKS Łódź,2,Polska,0,False,Obrońca,W sile wieku
179,Śląsk Wrocław,1,Polska,Daniel Kajzer,28,1.89,2020-08-01,214,0,0,1,0,1,5,0,2,19321,Bramkarz,BRK,Polska,Transfer,Sprzedany,200000,Arka Gdynia,2,Polska,0,False,Bramkarz,W sile wieku
180,Śląsk Wrocław,1,Polska,Mateusz Radecki,27,1.87,2020-09-22,213,24,10,0,56,62,54,2,0,13888,Ofensywny pomocnik,OPM,Polska,Transfer,Sprzedany,350000,Radomiak Radom,1,Polska,0,False,Pomocnik,W sile wieku
181,Śląsk Wrocław,1,Polska,Pawel Kucharczyk,23,1.85,2021-01-29,116,8,2,0,14,1,12,0,0,9408,Środkowy obrońca,ŚOB,Polska,Transfer,Sprzedany,75000,Górnik Polkowice,2,Polska,0,False,Obrońca,W sile wieku
182,Śląsk Wrocław,1,Polska,Piotr Samiec-Talar,19,1.81,2021-08-02,86,26,3,0,49,22,8,0,0,3696,Prawy pomocnik,PPM,Polska,Wypożyczenie,Sprzedany,100000,Widzew Łódź,2,Polska,0,False,Pomocnik,Młody
184,Śląsk Wrocław,1,Polska,Damian Gaska,23,1.76,2021-08-09,213,14,35,0,60,96,15,0,0,13521,Środkowy pomocnik,ŚPM,Polska,Wypożyczenie,Sprzedany,350000,Radomiak Radom,1,Polska,0,False,Pomocnik,W sile wieku
189,Pogoń Szczecin,1,Polska,Bartlomiej Mruk,18,1.84,2020-08-01,61,4,2,0,8,12,13,0,1,4559,Środkowy obrońca,ŚOB,Polska,Transfer,Kupiony,50000,Garbarnia Kraków,3,Polska,0,False,Obrońca,Młody
190,Pogoń Szczecin,1,Polska,Mariusz Fornalczyk,17,1.72,2020-07-01,45,7,1,0,25,15,8,0,1,1853,Lewy pomocnik,LPM,Polska,Transfer,Kupiony,300000,Polonia Bytom,4,Polska,0,False,Pomocnik,Młody
191,Pogoń Szczecin,1,Polska,Luís Mata,23,1.81,2020-08-01,141,1,11,1,15,26,16,0,1,11103,Lewy obrońca,LOB,Portugalia,Transfer,Kupiony,750000,FC Porto B,2,Portugalia,0,False,Obrońca,W sile wieku
192,Pogoń Szczecin,1,Polska,Pawel Stolarski,24,1.81,2021-01-01,176,3,12,1,58,31,31,0,0,11255,Prawy obrońca,POB,Polska,Transfer,Kupiony,400000,Legia Warszawa,1,Polska,0,False,Obrońca,W sile wieku
193,Pogoń Szczecin,1,Polska,Michal Kucharczyk,29,1.78,2020-08-06,419,82,65,1,121,143,33,0,1,26919,Prawy napastnik,PNP,Polska,Transfer,Kupiony,750000,Ural Jekaterynburg,1,Rosja,0,False,Napastnik,W sile wieku
194,Pogoń Szczecin,1,Polska,Alexander Gorgon,31,1.85,2020-08-03,347,103,45,0,62,116,45,1,0,25099,Ofensywny pomocnik,OPM,Austria,Transfer,Kupiony,700000,HNK Rijeka,1,Chorwacja,0,False,Pomocnik,Doświadczony
195,Pogoń Szczecin,1,Polska,Luka Zahovic,24,1.77,2020-10-01,280,102,31,0,66,101,28,0,1,18909,Środkowy napastnik,ŚNP,Słowenia,Transfer,Kupiony,800000,NK Maribor,1,Słowenia,0,False,Napastnik,W sile wieku
197,Pogoń Szczecin,1,Polska,Mateusz Legowski,17,1.81,2021-01-27,54,4,4,0,10,8,6,0,0,3939,Defensywny pomocnik,DPM,Polska,Transfer,Kupiony,250000,Pogoń Szczecin II,4,Polska,0,False,Pomocnik,Młody
199,Pogoń Szczecin,1,Polska,Hubert Sadowski,20,1.89,2021-07-07,122,10,3,1,10,13,23,1,0,9846,Środkowy obrońca,ŚOB,Polska,Wypożyczenie,Kupiony,100000,Stomil Olsztyn,2,Polska,0,False,Obrońca,Młody
200,Pogoń Szczecin,1,Polska,Adrian Benedyczak,19,1.91,2021-07-01,139,44,10,0,51,52,18,0,0,7999,Środkowy napastnik,ŚNP,Polska,Wypożyczenie,Kupiony,500000,Chrobry Głogów,2,Polska,0,False,Napastnik,Młody
201,Pogoń Szczecin,1,Polska,Dawid Blanik,23,1.73,2021-09-01,154,18,13,0,57,65,18,0,0,8910,Prawy napastnik,PNP,Polska,Wypożyczenie,Kupiony,125000,Odra Opole,2,Polska,0,False,Napastnik,W sile wieku
202,Pogoń Szczecin,1,Polska,Marcin Listkowski,22,1.78,2020-09-01,182,11,10,0,69,76,26,0,0,9675,Prawy napastnik,PNP,Polska,Transfer,Sprzedany,350000,US Lecce,2,Włochy,300000,False,Napastnik,W sile wieku
203,Pogoń Szczecin,1,Polska,Srdjan Spiridonovic,26,1.73,2021-08-06,205,38,22,0,81,75,12,0,0,11468,Prawy napastnik,PNP,Austria,Transfer,Sprzedany,500000,Crvena Zvezda Belgrad,1,Serbia,250000,False,Napastnik,W sile wieku
204,Pogoń Szczecin,1,Polska,Dawid Blanik,23,1.73,2021-09-01,154,18,13,0,57,65,18,0,0,8910,Prawy napastnik,PNP,Polska,Transfer,Sprzedany,125000,GKS Bełchatów,3,Polska,0,False,Napastnik,W sile wieku
206,Pogoń Szczecin,1,Polska,Bartlomiej Mruk,19,1.84,2020-08-01,61,4,2,0,8,12,13,0,1,4559,Środkowy obrońca,ŚOB,Polska,Wypożyczenie,Sprzedany,50000,Błękitni Stargard,4,Polska,0,False,Obrońca,Młody
207,Pogoń Szczecin,1,Polska,Hubert Sadowski,20,1.89,2021-07-07,122,10,3,1,10,13,23,1,0,9846,Środkowy obrońca,ŚOB,Polska,Wypożyczenie,Sprzedany,100000,Skra Częstochowa,2,Polska,0,False,Obrońca,Młody
208,Pogoń Szczecin,1,Polska,Hubert Sadowski,20,1.89,2021-07-07,122,10,3,1,10,13,23,1,0,9846,Środkowy obrońca,ŚOB,Polska,Wypożyczenie,Sprzedany,100000,Stomil Olsztyn,2,Polska,0,False,Obrońca,Młody
210,Pogoń Szczecin,1,Polska,Oskar Kalenik,19,1.81,2018-07-01,118,10,5,0,43,48,15,0,0,6519,Środkowy pomocnik,ŚPM,Polska,Wypożyczenie,Sprzedany,0,Olimpia Grudziądz,4,Polska,0,False,Pomocnik,Młody
211,Pogoń Szczecin,1,Polska,Jedrzej Grobelny,19,1.9,2021-07-01,59,0,0,0,0,0,4,1,1,5277,Bramkarz,BRK,Polska,Wypożyczenie,Sprzedany,150000,Miedź Legnica,2,Polska,0,False,Bramkarz,Młody
213,Pogoń Szczecin,1,Polska,Blazej Starzycki,20,1.79,2019-07-01,136,17,11,0,33,64,5,0,0,8707,Ofensywny pomocnik,OPM,Polska,Wypożyczenie,Sprzedany,0,Błękitni Stargard,4,Polska,0,False,Pomocnik,Młody
214,Pogoń Szczecin,1,Polska,Nikodem Sujecki,17,1.86,2021-07-15,50,0,0,0,0,1,4,0,0,4482,Bramkarz,BRK,Polska,Wypożyczenie,Sprzedany,50000,Olimpia Grudziądz,4,Polska,0,False,Bramkarz,Młody
215,Pogoń Szczecin,1,Polska,Maciej Zurawski,20,1.84,2018-07-12,111,11,9,0,29,52,8,1,0,7003,Środkowy pomocnik,ŚPM,Polska,Wypożyczenie,Sprzedany,500000,Warta Poznań,1,Polska,0,False,Pomocnik,Młody
216,Cracovia,1,Polska,Rivaldinho,25,1.87,2020-08-12,161,32,7,0,61,67,8,0,1,8857,Środkowy napastnik,ŚNP,Brazylia,Transfer,Kupiony,300000,FC Viitorul Constanta,1,Rumunia,300000,False,Napastnik,W sile wieku
217,Cracovia,1,Polska,Damir Sadikovic,25,1.88,2020-10-05,207,12,19,0,59,54,23,0,0,13860,Środkowy pomocnik,ŚPM,Bośnia i Hercegowina,Transfer,Kupiony,400000,FK Zeljeznicar Sarajevo,1,Bośnia i Hercegowina,200000,False,Pomocnik,W sile wieku
218,Cracovia,1,Polska,Matej Rodin,24,1.95,2020-09-11,174,13,2,1,8,6,34,2,1,14930,Środkowy obrońca,ŚOB,Chorwacja,Transfer,Kupiony,400000,NK Varazdin,2,Chorwacja,65000,False,Obrońca,W sile wieku
219,Cracovia,1,Polska,Iván Márquez,26,1.91,2021-07-19,164,5,2,1,9,7,47,3,3,13732,Środkowy obrońca,ŚOB,Hiszpania,Transfer,Kupiony,350000,Korona Kielce,2,Polska,0,False,Obrońca,W sile wieku
220,Cracovia,1,Polska,Michael Gardawski,29,1.77,2021-07-30,361,28,35,0,43,151,83,7,4,26815,Lewy pomocnik,LPM,Niemcy,Transfer,Kupiony,250000,Korona Kielce,2,Polska,0,False,Pomocnik,W sile wieku
221,Cracovia,1,Polska,Marcos Álvarez,28,1.79,2020-07-01,369,118,53,0,94,168,60,0,0,23598,Środkowy napastnik,ŚNP,Niemcy,Transfer,Kupiony,600000,VfL Osnabrück,3,Niemcy,0,False,Napastnik,W sile wieku
222,Cracovia,1,Polska,Luís Rocha,27,1.77,2021-02-24,228,6,11,0,43,44,61,5,0,16572,Lewy obrońca,LOB,Portugalia,Transfer,Kupiony,150000,Legia Warszawa,1,Polska,0,False,Obrońca,W sile wieku
225,Cracovia,1,Polska,Dawid Szymonowicz,25,1.85,2021-10-20,172,7,3,0,29,14,28,0,0,13062,Środkowy obrońca,ŚOB,Polska,Wypożyczenie,Kupiony,300000,Jagiellonia Białystok,1,Polska,0,False,Obrońca,W sile wieku
227,Cracovia,1,Polska,Jan Ziewiec,16,1.87,2020-12-18,38,2,0,0,2,2,3,0,0,3186,Defensywny pomocnik,DPM,Polska,Transfer,Kupiony,50000,Cracovia Kraków U19,8,Polska,0,False,Pomocnik,Junior starszy
228,Cracovia,1,Polska,Jakub Goralczyk,18,1.88,2020-10-09,54,6,1,0,10,7,2,0,0,3940,Środkowy obrońca,ŚOB,Polska,Transfer,Kupiony,25000,Cracovia II,4,Polska,0,False,Obrońca,Młody
230,Cracovia,1,Polska,Norbert Luczak,17,1.9,2020-11-25,28,0,0,0,0,0,0,0,1,2520,Bramkarz,BRK,Polska,Transfer,Kupiony,0,Cracovia II,4,Polska,0,False,Bramkarz,Młody
231,Cracovia,1,Polska,Krystian Bracik,20,1.84,2021-05-11,78,11,0,0,1,3,11,0,0,6864,Środkowy obrońca,ŚOB,Polska,Transfer,Kupiony,50000,Cracovia II,4,Polska,0,False,Obrońca,Młody
232,Cracovia,1,Polska,Mateusz Pienczak,17,1.89,2020-07-15,43,0,0,0,2,4,9,0,0,3689,Środkowy obrońca,ŚOB,Polska,Transfer,Kupiony,50000,Cracovia Kraków U19,8,Polska,0,False,Obrońca,Młody
234,Cracovia,1,Polska,Michal Wisniewski,21,1.81,2018-07-01,82,19,14,0,8,23,9,0,0,6453,Lewy pomocnik,LPM,Polska,Transfer,Kupiony,0,Cracovia II,4,Polska,0,False,Pomocnik,Młody
237,Cracovia,1,Polska,Bojan Cecaric,26,1.9,2021-09-16,211,28,13,0,51,85,17,0,3,13475,Środkowy napastnik,ŚNP,Serbia,Wypożyczenie,Kupiony,250000,Korona Kielce,2,Polska,0,False,Napastnik,W sile wieku
238,Cracovia,1,Polska,Jaroslav Mihalik,26,1.8,2021-08-06,276,44,40,0,72,133,15,0,0,17108,Prawy pomocnik,PPM,Słowacja,Wypożyczenie,Kupiony,250000,Lechia Gdańsk,1,Polska,0,False,Pomocnik,W sile wieku
239,Cracovia,1,Polska,Radoslaw Kanach,21,1.81,2016-07-01,118,12,0,0,14,22,17,0,0,8992,Defensywny pomocnik,DPM,Polska,Wypożyczenie,Kupiony,200000,Sandecja Nowy Sącz,2,Polska,0,False,Pomocnik,Młody
240,Cracovia,1,Polska,Szymon Kiebzak,23,1.75,2020-08-05,160,13,14,0,31,71,21,0,0,11261,Lewy pomocnik,LPM,Polska,Wypożyczenie,Kupiony,100000,GKS Katowice,2,Polska,0,False,Pomocnik,W sile wieku
241,Cracovia,1,Polska,Filip Majchrowicz,20,1.94,2021-03-31,65,0,0,0,0,0,3,0,1,5837,Bramkarz,BRK,Polska,Wypożyczenie,Kupiony,450000,Resovia Rzeszów,2,Polska,0,False,Bramkarz,Młody
242,Cracovia,1,Polska,Jakub Serafin,24,1.81,2020-08-14,171,6,7,0,20,41,38,0,0,13541,Środkowy pomocnik,ŚPM,Polska,Wypożyczenie,Kupiony,150000,Puszcza Niepołomice,2,Polska,0,False,Pomocnik,W sile wieku
243,Cracovia,1,Polska,Michal Helik,25,1.91,2020-09-09,223,18,9,1,9,5,27,1,3,19354,Środkowy obrońca,ŚOB,Polska,Transfer,Sprzedany,3000000,FC Barnsley,2,Anglia,800000,False,Obrońca,W sile wieku
244,Cracovia,1,Polska,Rafa Lopes,29,1.85,2020-08-01,375,75,19,1,123,120,41,0,1,23321,Ofensywny pomocnik,OPM,Portugalia,Transfer,Sprzedany,500000,Legia Warszawa,1,Polska,150000,False,Pomocnik,W sile wieku
245,Cracovia,1,Polska,Jakub Serafin,24,1.81,2020-08-14,171,6,7,0,20,41,38,0,0,13541,Środkowy pomocnik,ŚPM,Polska,Transfer,Sprzedany,150000,Puszcza Niepołomice,2,Polska,0,False,Pomocnik,W sile wieku
246,Cracovia,1,Polska,Michal Zieba,20,1.8,2020-08-20,94,2,5,0,17,13,11,0,0,6882,Prawy obrońca,POB,Polska,Transfer,Sprzedany,0,Stal Stalowa Wola,4,Polska,0,False,Obrońca,Młody
247,Cracovia,1,Polska,Janusz Gol,34,1.82,2021-07-09,403,25,35,1,51,108,74,3,0,30888,Defensywny pomocnik,DPM,Polska,Transfer,Sprzedany,250000,FC Dinamo 1948,1,Rumunia,0,False,Pomocnik,Doświadczony
248,Cracovia,1,Polska,Niko Datkovic,27,1.9,2021-02-02,190,11,2,1,15,24,53,3,0,15322,Środkowy obrońca,ŚOB,Chorwacja,Transfer,Sprzedany,500000,Kisvárda FC,1,Węgry,0,False,Obrońca,W sile wieku
249,Cracovia,1,Polska,Szymon Kiebzak,23,1.75,2020-08-05,160,13,14,0,31,71,21,0,0,11261,Lewy pomocnik,LPM,Polska,Transfer,Sprzedany,100000,GKS Katowice,2,Polska,0,False,Pomocnik,W sile wieku
250,Cracovia,1,Polska,Michal Peskovic,38,1.88,2020-11-03,288,0,0,0,2,0,9,0,0,25943,Bramkarz,BRK,Słowacja,Transfer,Sprzedany,50000,Podbeskidzie Bielsko-Biała,2,Polska,0,False,Bramkarz,Zbliżający się do końca kariery
251,Cracovia,1,Polska,Bojan Cecaric,27,1.9,2021-09-16,211,28,13,0,51,85,17,0,3,13475,Środkowy napastnik,ŚNP,Serbia,Transfer,Sprzedany,250000,FK Napredak Krusevac,1,Serbia,0,False,Napastnik,W sile wieku
254,Cracovia,1,Polska,Jaroslav Mihalik,26,1.8,2021-08-06,276,44,40,0,72,133,15,0,0,17108,Prawy pomocnik,PPM,Słowacja,Wypożyczenie,Sprzedany,250000,SK Sigma Ołomuniec,1,Czechy,0,False,Pomocnik,W sile wieku
255,Cracovia,1,Polska,Dorian Pitula,20,1.76,2021-08-01,56,6,1,0,15,23,10,0,0,3521,Środkowy obrońca,ŚOB,Polska,Transfer,Sprzedany,0,Cracovia II,4,Polska,0,False,Obrońca,Młody
256,Cracovia,1,Polska,Michal Rakoczy,18,1.75,2018-02-09,99,25,11,0,26,45,24,0,0,6514,Ofensywny pomocnik,OPM,Polska,Wypożyczenie,Sprzedany,300000,Puszcza Niepołomice,2,Polska,0,False,Pomocnik,Młody
257,Jagiellonia Białystok,1,Polska,Bojan Nastic,26,1.82,2021-01-27,232,5,22,1,16,30,29,3,1,19164,Lewy obrońca,LOB,Bośnia i Hercegowina,Transfer,Kupiony,1200000,BATE Borysów,1,Białoruś,300000,False,Obrońca,W sile wieku
258,Jagiellonia Białystok,1,Polska,Godfrey Bitok Stephen,20,1.83,2021-02-04,80,8,8,0,9,12,6,1,0,6520,Lewy obrońca,LOB,Nigeria,Transfer,Kupiony,200000,Isloch Minsk Region,1,Białoruś,250000,False,Obrońca,Młody
259,Jagiellonia Białystok,1,Polska,Fernán López,25,1.69,2021-10-08,142,7,7,1,44,55,28,3,0,8437,Środkowy pomocnik,ŚPM,Hiszpania,Transfer,Kupiony,250000,FK Qabala,1,Azerbejdżan,0,False,Pomocnik,W sile wieku
260,Jagiellonia Białystok,1,Polska,Mateusz Wyjadlowski,20,1.77,2021-07-22,122,13,4,0,67,39,18,0,0,5521,Prawy napastnik,PNP,Polska,Transfer,Kupiony,125000,Wisła Kraków U19,8,Polska,0,False,Napastnik,Młody
262,Jagiellonia Białystok,1,Polska,Fedor Černych,29,1.83,2020-09-17,339,64,43,1,66,112,28,0,0,24172,Prawy napastnik,PNP,Litwa,Transfer,Kupiony,600000,Dynamo Moskwa,1,Rosja,0,False,Napastnik,W sile wieku
263,Jagiellonia Białystok,1,Polska,Szymon Sobczak,27,1.81,2021-01-18,268,73,17,0,49,117,34,0,2,19178,Środkowy napastnik,ŚNP,Polska,Transfer,Kupiony,100000,Stomil Olsztyn,2,Polska,0,False,Napastnik,W sile wieku
264,Jagiellonia Białystok,1,Polska,Pavels Steinbors,34,1.91,2020-08-01,351,0,0,0,6,2,14,0,3,31146,Bramkarz,BRK,Łotwa,Transfer,Kupiony,150000,Arka Gdynia,2,Polska,0,False,Bramkarz,Doświadczony
265,Jagiellonia Białystok,1,Polska,Blazej Augustyn,32,1.91,2020-08-01,247,11,2,4,21,23,82,11,3,19911,Środkowy obrońca,ŚOB,Polska,Transfer,Kupiony,250000,Lechia Gdańsk,1,Polska,0,False,Obrońca,Doświadczony
266,Jagiellonia Białystok,1,Polska,Kris Twardek,23,1.86,2021-07-23,134,7,14,0,35,40,15,0,0,8780,Prawy napastnik,PNP,Kanada,Transfer,Kupiony,150000,Bohemian Football Club,1,Irlandia,40000,False,Napastnik,W sile wieku
267,Jagiellonia Białystok,1,Polska,Maciej Mas,19,1.93,2021-07-14,73,13,4,0,34,26,6,1,0,3698,Środkowy napastnik,ŚNP,Polska,Transfer,Kupiony,125000,UKS SMS Łódź U19,8,Polska,25000,False,Napastnik,Młody
269,Jagiellonia Białystok,1,Polska,Milosz Matysik,16,1.9,2021-01-01,27,2,0,0,4,5,3,0,0,1957,Środkowy obrońca,ŚOB,Polska,Transfer,Kupiony,100000,Jagiellonia Białystok II,4,Polska,0,False,Obrońca,Junior starszy
273,Jagiellonia Białystok,1,Polska,Maciej Bortniczuk,18,1.81,2021-07-03,65,14,0,0,33,21,3,0,0,2917,Środkowy napastnik,ŚNP,Polska,Transfer,Kupiony,150000,Jagiellonia Białystok U19,8,Polska,0,False,Napastnik,Młody
275,Jagiellonia Białystok,1,Polska,Zoran Arsenic,26,1.88,2021-07-01,218,6,13,1,24,23,51,1,3,17242,Środkowy obrońca,ŚOB,Chorwacja,Wypożyczenie,Kupiony,450000,HNK Rijeka,1,Chorwacja,0,False,Obrońca,W sile wieku
276,Jagiellonia Białystok,1,Polska,Bartosz Kwiecien,26,1.89,2017-07-27,144,8,2,0,52,33,50,2,1,8492,Środkowy obrońca,ŚOB,Polska,Wypożyczenie,Kupiony,200000,Arka Gdynia,2,Polska,0,False,Obrońca,W sile wieku
277,Jagiellonia Białystok,1,Polska,Blazej Niezgoda,20,1.97,2017-09-21,93,0,0,0,0,1,8,0,0,8342,Bramkarz,BRK,Polska,Wypożyczenie,Kupiony,50000,Świt Nowy Dwór Mazowiecki,4,Polska,0,False,Bramkarz,Młody
278,Jagiellonia Białystok,1,Polska,Martin Adamec,21,1.78,2021-02-03,96,9,5,0,27,27,17,0,0,6424,Środkowy pomocnik,ŚPM,Słowacja,Wypożyczenie,Kupiony,250000,Wigry Suwałki,3,Polska,0,False,Pomocnik,Młody
279,Jagiellonia Białystok,1,Polska,Mikolaj Wasilewski,19,1.7,2020-08-01,68,5,3,0,24,31,12,0,0,3627,Lewy napastnik,LNP,Polska,Wypożyczenie,Kupiony,0,Wigry Suwałki,3,Polska,0,False,Napastnik,Młody
281,Jagiellonia Białystok,1,Polska,Szymon Sobczak,28,1.81,2021-01-18,268,73,17,0,49,117,34,0,2,19178,Środkowy napastnik,ŚNP,Polska,Transfer,Sprzedany,100000,Zagłębie Sosnowiec,2,Polska,0,False,Napastnik,W sile wieku
282,Jagiellonia Białystok,1,Polska,Orest Tkachuk,22,1.85,2021-09-01,35,7,5,0,11,14,5,0,0,2123,Środkowy napastnik,ŚNP,Ukraina,Transfer,Sprzedany,0,Olimpia Elbląg,3,Polska,0,False,Napastnik,W sile wieku
283,Jagiellonia Białystok,1,Polska,Bödvar Bödvarsson,25,1.86,2021-03-11,196,3,11,1,18,26,39,2,0,15881,Lewy obrońca,LOB,Islandia,Transfer,Sprzedany,300000,Helsingborgs IF,2,Szwecja,0,False,Obrońca,W sile wieku
285,Jagiellonia Białystok,1,Polska,Jakub Wojcicki,32,1.9,2020-08-01,321,19,49,2,43,90,27,0,1,23885,Prawy obrońca,POB,Polska,Transfer,Sprzedany,150000,Zagłębie Lubin,1,Polska,0,False,Obrońca,Doświadczony
286,Jagiellonia Białystok,1,Polska,Blazej Niezgoda,20,1.97,2017-09-21,93,0,0,0,0,1,8,0,0,8342,Bramkarz,BRK,Polska,Wypożyczenie,Sprzedany,50000,Sokół Ostróda,3,Polska,0,False,Bramkarz,Młody
287,Jagiellonia Białystok,1,Polska,Zoran Arsenic,26,1.88,2021-07-01,218,6,13,1,24,23,51,1,3,17242,Środkowy obrońca,ŚOB,Chorwacja,Wypożyczenie,Sprzedany,450000,Raków Częstochowa,1,Polska,0,False,Obrońca,W sile wieku
288,Jagiellonia Białystok,1,Polska,Maciej Mas,19,1.93,2021-07-14,73,13,4,0,34,26,6,1,0,3698,Środkowy napastnik,ŚNP,Polska,Wypożyczenie,Sprzedany,125000,GKS Bełchatów,3,Polska,0,False,Napastnik,Młody
289,Jagiellonia Białystok,1,Polska,Szymon Lapinski,19,1.81,2021-07-14,110,14,5,0,30,47,5,1,0,6948,Ofensywny pomocnik,OPM,Polska,Wypożyczenie,Sprzedany,0,GKS Bełchatów,3,Polska,0,False,Pomocnik,Młody
290,Jagiellonia Białystok,1,Polska,Wojciech Blyszko,20,1.96,2021-07-01,89,4,0,0,5,7,10,0,0,7414,Środkowy obrońca,ŚOB,Polska,Wypożyczenie,Sprzedany,0,Stal Mielec,1,Polska,0,False,Obrońca,Młody
291,Jagiellonia Białystok,1,Polska,Mateusz Wyjadlowski,21,1.77,2021-07-22,122,13,4,0,67,39,18,0,0,5521,Prawy napastnik,PNP,Polska,Wypożyczenie,Sprzedany,125000,Puszcza Niepołomice,2,Polska,0,False,Napastnik,Młody
292,Jagiellonia Białystok,1,Polska,Zoran Arsenic,26,1.88,2021-07-01,218,6,13,1,24,23,51,1,3,17242,Środkowy obrońca,ŚOB,Chorwacja,Wypożyczenie,Sprzedany,450000,HNK Rijeka,1,Chorwacja,0,False,Obrońca,W sile wieku
293,Jagiellonia Białystok,1,Polska,Juan Cámara,26,1.84,2021-07-08,252,35,18,0,80,99,29,1,0,15540,Prawy napastnik,PNP,Hiszpania,Wypożyczenie,Sprzedany,600000,FC Dinamo 1948,1,Rumunia,0,False,Napastnik,W sile wieku
294,Jagiellonia Białystok,1,Polska,Juan Cámara,27,1.84,2021-07-08,252,35,18,0,80,99,29,1,0,15540,Prawy napastnik,PNP,Hiszpania,Wypożyczenie,Sprzedany,600000,Universitatea Craiova,1,Rumunia,0,False,Napastnik,W sile wieku
296,Jagiellonia Białystok,1,Polska,Dawid Szymonowicz,25,1.85,2021-10-20,172,7,3,0,29,14,28,0,0,13062,Środkowy obrońca,ŚOB,Polska,Wypożyczenie,Sprzedany,300000,Cracovia,1,Polska,0,False,Obrońca,W sile wieku
297,Jagiellonia Białystok,1,Polska,Bartosz Kwiecien,26,1.89,2017-07-27,144,8,2,0,52,33,50,2,1,8492,Środkowy obrońca,ŚOB,Polska,Wypożyczenie,Sprzedany,200000,Arka Gdynia,2,Polska,0,False,Obrońca,W sile wieku
301,Jagiellonia Białystok,1,Polska,Mikolaj Wasilewski,19,1.7,2020-08-01,68,5,3,0,24,31,12,0,0,3627,Lewy napastnik,LNP,Polska,Transfer,Sprzedany,0,Jagiellonia Białystok II,4,Polska,0,False,Napastnik,Młody
302,Jagiellonia Białystok,1,Polska,Mikolaj Nawrocki,18,1.8,2020-08-01,66,12,1,0,10,21,12,1,0,4782,Ofensywny pomocnik,OPM,Polska,Transfer,Sprzedany,0,Jagiellonia Białystok II,4,Polska,0,False,Pomocnik,Młody
304,Jagiellonia Białystok,1,Polska,Karol Struski,19,1.72,2019-07-01,72,9,2,0,23,21,10,1,0,4573,Ofensywny pomocnik,OPM,Polska,Wypożyczenie,Sprzedany,350000,Górnik Łęczna,1,Polska,0,False,Pomocnik,Młody
305,Jagiellonia Białystok,1,Polska,Dejan Iliev,25,1.95,2021-07-26,81,0,0,1,0,3,3,0,2,7095,Bramkarz,BRK,Macedonia Północna,Wypożyczenie,Sprzedany,350000,FC Arsenal,1,Anglia,0,False,Bramkarz,W sile wieku
306,Górnik Zabrze,1,Polska,Norbert Wojtuszek,18,1.84,2020-09-03,60,2,4,0,19,18,4,0,0,3688,Prawy pomocnik,PPM,Polska,Transfer,Kupiony,300000,Pogoń Siedlce,3,Polska,50000,False,Pomocnik,Młody
307,Górnik Zabrze,1,Polska,Richmond Boakye,28,1.86,2021-07-20,374,126,32,0,129,152,42,1,1,22395,Środkowy napastnik,ŚNP,Ghana,Transfer,Kupiony,700000,Crvena Zvezda Belgrad,1,Serbia,0,False,Napastnik,W sile wieku
308,Górnik Zabrze,1,Polska,Stefanos Evangelou,22,1.85,2021-09-13,80,1,2,1,14,4,22,2,0,6233,Środkowy obrońca,ŚOB,Grecja,Transfer,Kupiony,300000,Olympiakos Pireus,1,Grecja,0,False,Obrońca,W sile wieku
309,Górnik Zabrze,1,Polska,Bartosz Nowak,26,1.8,2020-08-03,269,65,46,0,46,92,16,0,0,19780,Ofensywny pomocnik,OPM,Polska,Transfer,Kupiony,900000,Stal Mielec,1,Polska,0,False,Pomocnik,W sile wieku
310,Górnik Zabrze,1,Polska,Kacper Michalski,20,1.87,2021-09-01,108,14,5,0,10,16,30,1,1,8729,Prawy obrońca,POB,Polska,Transfer,Kupiony,0,GKS Katowice,2,Polska,0,False,Obrońca,Młody
311,Górnik Zabrze,1,Polska,Alex Sobczyk,23,1.87,2020-08-03,112,22,12,0,28,48,15,0,0,6815,Środkowy napastnik,ŚNP,Austria,Transfer,Kupiony,500000,Spartak Trnava,1,Słowacja,0,False,Napastnik,W sile wieku
312,Górnik Zabrze,1,Polska,Giannis Masouras,24,1.81,2021-08-31,138,6,5,1,28,31,29,0,0,9740,Prawy obrońca,POB,Grecja,Wypożyczenie,Kupiony,600000,Olympiakos Pireus,1,Grecja,0,False,Obrońca,W sile wieku
313,Górnik Zabrze,1,Polska,Jakub Grzesiak,17,1.94,2021-07-15,23,0,0,0,0,0,4,0,0,2070,Bramkarz,BRK,Polska,Transfer,Kupiony,0,Górnik Zabrze II,4,Polska,0,False,Bramkarz,Młody
314,Górnik Zabrze,1,Polska,Bartłomiej Eizenchart,19,1.82,2021-07-14,104,6,2,0,23,22,7,0,1,7298,Lewy obrońca,LOB,Polska,Wypożyczenie,Kupiony,100000,GKS Bełchatów,3,Polska,0,False,Obrońca,Młody
315,Górnik Zabrze,1,Polska,Ishmael Baidoo,21,1.7,2021-08-24,119,19,10,0,36,51,15,1,0,7550,Prawy napastnik,PNP,Ghana,Wypożyczenie,Kupiony,200000,FK Zeleziarne Podbrezova,2,Słowacja,0,False,Napastnik,Młody
316,Górnik Zabrze,1,Polska,Bartłomiej Eizenchart,18,1.82,2021-07-14,104,6,2,0,23,22,7,0,1,7298,Lewy obrońca,LOB,Polska,Wypożyczenie,Kupiony,100000,Puszcza Niepołomice,2,Polska,0,False,Obrońca,Młody
317,Górnik Zabrze,1,Polska,Tomasz Loska,24,1.9,2020-08-12,182,0,0,1,0,1,6,0,2,16418,Bramkarz,BRK,Polska,Wypożyczenie,Kupiony,400000,Bruk-Bet Termalica Nieciecza,1,Polska,0,False,Bramkarz,W sile wieku
318,Górnik Zabrze,1,Polska,Karol Jaksik,21,1.85,2021-02-08,99,3,0,0,11,26,8,0,0,7505,Prawy obrońca,POB,Polska,Wypożyczenie,Kupiony,0,Pogoń Siedlce,3,Polska,0,False,Obrońca,Młody
319,Górnik Zabrze,1,Polska,Krzysztof Kubica,20,1.93,2018-07-05,114,13,5,0,27,36,25,0,0,7778,Środkowy pomocnik,ŚPM,Polska,Wypożyczenie,Kupiony,850000,Chrobry Głogów,2,Polska,0,False,Pomocnik,Młody
320,Górnik Zabrze,1,Polska,Jakub Szymanski,19,1.9,2020-08-18,105,0,0,1,0,2,8,0,0,9415,Bramkarz,BRK,Polska,Wypożyczenie,Kupiony,75000,MKS Kluczbork,4,Polska,0,False,Bramkarz,Młody
321,Górnik Zabrze,1,Polska,Wojciech Hajda,20,1.82,2021-07-29,140,7,4,0,28,32,38,1,0,9726,Środkowy pomocnik,ŚPM,Polska,Wypożyczenie,Kupiony,150000,Stomil Olsztyn,2,Polska,0,False,Pomocnik,Młody
322,Górnik Zabrze,1,Polska,Daniel Liszka,20,1.78,2021-09-06,124,5,6,0,32,30,12,0,0,8313,Lewy pomocnik,LPM,Polska,Wypożyczenie,Kupiony,0,GKS 1962 Jastrzębie,2,Polska,0,False,Pomocnik,Młody
323,Górnik Zabrze,1,Polska,Daniel Bielica,21,1.91,2018-03-22,114,0,0,0,1,1,2,0,0,10340,Bramkarz,BRK,Polska,Wypożyczenie,Kupiony,250000,Sandecja Nowy Sącz,2,Polska,0,False,Bramkarz,Młody
324,Górnik Zabrze,1,Polska,Pawel Bochniewicz,24,1.94,2020-09-10,239,18,3,2,11,14,34,1,1,20437,Środkowy obrońca,ŚOB,Polska,Transfer,Sprzedany,2200000,SC Heerenveen,1,Holandia,1400000,False,Obrońca,W sile wieku
325,Górnik Zabrze,1,Polska,Adam Ryczkowski,23,1.78,2021-07-20,159,26,7,0,61,57,5,1,0,8735,Lewy napastnik,LNP,Polska,Transfer,Sprzedany,0,Chojniczanka Chojnice,3,Polska,0,False,Napastnik,W sile wieku
326,Górnik Zabrze,1,Polska,Lukasz Wolsztynski,26,1.83,2021-07-28,192,30,29,0,62,100,18,0,0,10995,Ofensywny pomocnik,OPM,Polska,Transfer,Sprzedany,0,Arka Gdynia,2,Polska,0,False,Pomocnik,W sile wieku
327,Górnik Zabrze,1,Polska,Mateusz Matras,29,1.93,2020-08-20,337,19,19,0,33,49,75,0,4,27026,Środkowy obrońca,ŚOB,Polska,Transfer,Sprzedany,350000,Stal Mielec,1,Polska,0,False,Obrońca,W sile wieku
328,Górnik Zabrze,1,Polska,Igor Angulo,36,1.83,2021-07-30,444,182,31,0,91,110,53,1,0,32130,Środkowy napastnik,ŚNP,Hiszpania,Transfer,Sprzedany,150000,FC Goa,1,Indie,0,False,Napastnik,Doświadczony
329,Górnik Zabrze,1,Polska,Szymon Matuszek,31,1.85,2020-08-04,347,31,8,2,54,43,84,3,0,26411,Defensywny pomocnik,DPM,Polska,Transfer,Sprzedany,150000,Miedź Legnica,2,Polska,0,False,Pomocnik,Doświadczony
330,Górnik Zabrze,1,Polska,Kamil Zapolnik,27,1.82,2020-08-04,246,73,26,0,61,80,36,0,0,17014,Środkowy napastnik,ŚNP,Polska,Transfer,Sprzedany,250000,Miedź Legnica,2,Polska,0,False,Napastnik,W sile wieku
331,Górnik Zabrze,1,Polska,Daniel Liszka,20,1.78,2021-09-06,124,5,6,0,32,30,12,0,0,8313,Lewy pomocnik,LPM,Polska,Wypożyczenie,Sprzedany,0,Wigry Suwałki,3,Polska,0,False,Pomocnik,Młody
332,Górnik Zabrze,1,Polska,Daniel Bielica,21,1.91,2018-03-22,114,0,0,0,1,1,2,0,0,10340,Bramkarz,BRK,Polska,Wypożyczenie,Sprzedany,250000,Warta Poznań,1,Polska,0,False,Bramkarz,Młody
333,Górnik Zabrze,1,Polska,Bartłomiej Eizenchart,18,1.82,2021-07-14,104,6,2,0,23,22,7,0,1,7298,Lewy obrońca,LOB,Polska,Wypożyczenie,Sprzedany,100000,GKS Bełchatów,3,Polska,0,False,Obrońca,Młody
334,Górnik Zabrze,1,Polska,Filip Bainovic,24,1.78,2019-07-01,131,3,6,0,49,19,20,0,0,7990,Defensywny pomocnik,DPM,Serbia,Wypożyczenie,Sprzedany,300000,FK Radnik Surdulica,1,Serbia,0,False,Pomocnik,W sile wieku
335,Górnik Zabrze,1,Polska,Tomasz Loska,24,1.9,2020-08-12,182,0,0,1,0,1,6,0,2,16418,Bramkarz,BRK,Polska,Transfer,Sprzedany,400000,Bruk-Bet Termalica Nieciecza,1,Polska,45000,False,Bramkarz,W sile wieku
336,Górnik Zabrze,1,Polska,Jakub Szymanski,19,1.9,2020-08-18,105,0,0,1,0,2,8,0,0,9415,Bramkarz,BRK,Polska,Wypożyczenie,Sprzedany,75000,Górnik Polkowice,2,Polska,0,False,Bramkarz,Młody
337,Górnik Zabrze,1,Polska,Ishmael Baidoo,21,1.7,2021-08-24,119,19,10,0,36,51,15,1,0,7550,Prawy napastnik,PNP,Ghana,Wypożyczenie,Sprzedany,200000,Pogoń Siedlce,3,Polska,0,False,Napastnik,Młody
338,Górnik Zabrze,1,Polska,Karol Jaksik,21,1.85,2021-02-08,99,3,0,0,11,26,8,0,0,7505,Prawy obrońca,POB,Polska,Transfer,Sprzedany,0,Górnik Zabrze II,4,Polska,0,False,Obrońca,Młody
339,Górnik Zabrze,1,Polska,Wojciech Hajda,20,1.82,2021-07-29,140,7,4,0,28,32,38,1,0,9726,Środkowy pomocnik,ŚPM,Polska,Wypożyczenie,Sprzedany,150000,Sandecja Nowy Sącz,2,Polska,0,False,Pomocnik,Młody
340,Górnik Zabrze,1,Polska,Georgios Giakoumakis,25,1.85,2021-08-31,191,56,12,0,77,43,28,1,0,10903,Środkowy napastnik,ŚNP,Grecja,Wypożyczenie,Sprzedany,2500000,AEK Ateny,1,Grecja,0,False,Napastnik,W sile wieku
341,Górnik Zabrze,1,Polska,Stavros Vasilantonopoulos,28,1.8,2021-07-01,228,10,11,0,51,38,20,0,0,16388,Prawy obrońca,POB,Grecja,Wypożyczenie,Sprzedany,600000,AEK Ateny,1,Grecja,0,False,Obrońca,W sile wieku
342,Górnik Zabrze,1,Polska,Erik Jirka,22,1.84,2021-07-17,251,33,20,0,73,88,18,0,0,16067,Prawy napastnik,PNP,Słowacja,Wypożyczenie,Sprzedany,800000,Crvena Zvezda Belgrad,1,Serbia,0,False,Napastnik,W sile wieku
343,Górnik Zabrze,1,Polska,David Kopacz,21,1.8,2020-07-31,185,31,39,0,35,67,31,1,0,12792,Ofensywny pomocnik,OPM,Polska,Wypożyczenie,Sprzedany,400000,VfB Stuttgart,1,Niemcy,0,False,Pomocnik,Młody
344,Raków Częstochowa,1,Polska,Iwo Kaczmarski,16,1.83,2021-01-18,40,1,1,0,10,17,9,0,0,2527,Środkowy pomocnik,ŚPM,Polska,Transfer,Kupiony,300000,Korona Kielce,2,Polska,350000,False,Pomocnik,Junior starszy
345,Raków Częstochowa,1,Polska,Daniel Szelagowski,18,1.79,2020-09-16,92,16,7,0,52,20,5,0,1,3776,Lewy napastnik,LNP,Polska,Transfer,Kupiony,600000,Korona Kielce,2,Polska,250000,False,Napastnik,Młody
346,Raków Częstochowa,1,Polska,Oskar Zawada,24,1.92,2021-02-14,207,75,19,0,83,58,12,1,1,10956,Środkowy napastnik,ŚNP,Polska,Transfer,Kupiony,200000,Wisła Płock,1,Polska,50000,False,Napastnik,W sile wieku
347,Raków Częstochowa,1,Polska,Petar Mamic,24,1.83,2021-09-16,138,9,10,1,15,23,37,0,0,10973,Lewy obrońca,LOB,Chorwacja,Transfer,Kupiony,200000,HNK Rijeka,1,Chorwacja,0,False,Obrońca,W sile wieku
348,Raków Częstochowa,1,Polska,Jakub Arak,25,1.83,2021-02-18,194,41,14,0,93,75,17,0,0,9104,Środkowy napastnik,ŚNP,Polska,Transfer,Kupiony,300000,Lechia Gdańsk,1,Polska,0,False,Napastnik,W sile wieku
350,Raków Częstochowa,1,Polska,Ivi López,26,1.74,2020-09-01,271,66,27,0,69,96,45,0,2,18453,Ofensywny pomocnik,OPM,Hiszpania,Transfer,Kupiony,2000000,Levante UD,1,Hiszpania,0,False,Pomocnik,W sile wieku
352,Raków Częstochowa,1,Polska,Vladislavs Gutkovskis,25,1.87,2020-07-01,290,111,20,3,61,101,46,3,0,20325,Środkowy napastnik,ŚNP,Łotwa,Transfer,Kupiony,850000,Bruk-Bet Termalica Nieciecza,1,Polska,0,False,Napastnik,W sile wieku
353,Raków Częstochowa,1,Polska,Michal Litwa,16,1.83,2021-07-01,0,0,0,0,0,0,0,0,0,0,Prawy napastnik,PNP,Polska,Transfer,Kupiony,0,Wisła Kraków U19,8,Polska,0,False,Napastnik,Junior starszy
354,Raków Częstochowa,1,Polska,Marcin Cebula,24,1.77,2020-08-01,192,16,17,0,76,90,26,0,1,10403,Ofensywny pomocnik,OPM,Polska,Transfer,Kupiony,1500000,Korona Kielce,2,Polska,0,False,Pomocnik,W sile wieku
355,Raków Częstochowa,1,Polska,Branislav Pindroch,28,1.91,2021-07-01,152,0,0,0,2,1,13,0,0,13582,Bramkarz,BRK,Słowacja,Transfer,Kupiony,200000,ViOn Zlate Moravce-Vrable,1,Słowacja,0,False,Bramkarz,W sile wieku
357,Raków Częstochowa,1,Polska,Zoran Arsenic,26,1.88,2021-07-01,218,6,13,1,24,23,51,1,3,17242,Środkowy obrońca,ŚOB,Chorwacja,Wypożyczenie,Kupiony,450000,Jagiellonia Białystok,1,Polska,0,False,Obrońca,W sile wieku
358,Raków Częstochowa,1,Polska,Wiktor Dlugosz,20,1.83,2021-02-04,125,30,18,0,46,46,15,2,0,7333,Prawy pomocnik,PPM,Polska,Transfer,Kupiony,500000,Korona Kielce,2,Polska,45000,False,Pomocnik,Młody
360,Raków Częstochowa,1,Polska,Jaroslaw Jach,26,1.92,2018-01-23,156,8,4,3,19,12,31,0,0,12390,Środkowy obrońca,ŚOB,Polska,Wypożyczenie,Kupiony,650000,Crystal Palace,1,Anglia,0,False,Obrońca,W sile wieku
361,Raków Częstochowa,1,Polska,Dominik Holec,26,1.91,2020-08-03,144,0,0,0,0,3,6,0,0,12851,Bramkarz,BRK,Słowacja,Wypożyczenie,Kupiony,500000,AC Sparta Praga,1,Czechy,0,False,Bramkarz,W sile wieku
364,Raków Częstochowa,1,Polska,Franciszek Wroblewski,19,1.76,2020-09-04,91,7,4,0,35,36,7,0,0,5058,Lewy pomocnik,LPM,Polska,Wypożyczenie,Kupiony,0,Odra Opole,2,Polska,0,False,Pomocnik,Młody
365,Raków Częstochowa,1,Polska,Oskar Zawada,25,1.92,2021-02-14,207,75,19,0,83,58,12,1,1,10956,Środkowy napastnik,ŚNP,Polska,Transfer,Sprzedany,200000,Jeju United,1,Korea Południowa,350000,False,Napastnik,W sile wieku
366,Raków Częstochowa,1,Polska,Jakub Szumski,28,1.94,2021-01-12,147,0,0,1,0,1,14,0,1,13202,Bramkarz,BRK,Polska,Transfer,Sprzedany,400000,Büyüksehir Belediye Erzurumspor,2,Turcja,100000,False,Bramkarz,W sile wieku
367,Raków Częstochowa,1,Polska,Felicio Brown Forbes,29,1.89,2020-10-05,304,52,14,0,73,93,59,1,2,20757,Środkowy napastnik,ŚNP,Kostaryka,Transfer,Sprzedany,700000,Wisła Kraków,1,Polska,100000,False,Napastnik,W sile wieku
368,Raków Częstochowa,1,Polska,Petar Mamic,24,1.83,2021-09-16,138,9,10,1,15,23,37,0,0,10973,Lewy obrońca,LOB,Chorwacja,Transfer,Sprzedany,200000,Podbeskidzie Bielsko-Biała,2,Polska,0,False,Obrońca,W sile wieku
369,Raków Częstochowa,1,Polska,Mateusz Kaczmarek,17,1.71,2021-01-01,25,0,2,0,8,15,2,0,0,1357,Ofensywny pomocnik,OPM,Polska,Transfer,Sprzedany,75000,Miedź Legnica,2,Polska,0,False,Pomocnik,Młody
370,Raków Częstochowa,1,Polska,Franciszek Wroblewski,19,1.76,2020-09-04,91,7,4,0,35,36,7,0,0,5058,Lewy pomocnik,LPM,Polska,Transfer,Sprzedany,0,Pogoń Siedlce,3,Polska,0,False,Pomocnik,Młody
371,Raków Częstochowa,1,Polska,Bryan Nouvier,25,1.77,2021-07-01,152,14,19,0,51,58,20,0,1,9155,Lewy napastnik,LNP,Francja,Transfer,Sprzedany,175000,Sepsi OSK Sf. Gheorghe,1,Rumunia,0,False,Napastnik,W sile wieku
372,Raków Częstochowa,1,Polska,Ruslan Babenko,28,1.72,2021-09-10,175,5,7,0,43,34,35,3,0,12035,Środkowy pomocnik,ŚPM,Ukraina,Transfer,Sprzedany,350000,Olimpik Donieck,2,Ukraina,0,False,Pomocnik,W sile wieku
373,Raków Częstochowa,1,Polska,Arkadiusz Kasperkiewicz,25,1.87,2020-08-04,162,3,7,1,6,21,40,3,0,13710,Środkowy obrońca,ŚOB,Polska,Transfer,Sprzedany,200000,Arka Gdynia,2,Polska,0,False,Obrońca,W sile wieku
374,Raków Częstochowa,1,Polska,Michal Gliwa,32,1.88,2020-08-03,209,0,0,0,1,0,9,0,1,18901,Bramkarz,BRK,Polska,Transfer,Sprzedany,150000,Stal Mielec,1,Polska,0,False,Bramkarz,Doświadczony
375,Raków Częstochowa,1,Polska,Kamil Koscielny,29,1.85,2020-08-04,199,16,5,2,24,6,23,0,1,16090,Środkowy obrońca,ŚOB,Polska,Transfer,Sprzedany,200000,Stal Mielec,1,Polska,0,False,Obrońca,W sile wieku
376,Raków Częstochowa,1,Polska,Emir Azemovic,23,1.93,2020-08-04,101,2,2,0,7,12,16,0,1,8305,Środkowy obrońca,ŚOB,Czarnogóra,Transfer,Sprzedany,300000,NK Aluminij Kidricevo,1,Słowenia,0,False,Obrońca,W sile wieku
377,Raków Częstochowa,1,Polska,Jakub Bator,19,1.75,2019-02-22,60,5,0,0,33,21,2,0,0,2616,Prawy napastnik,PNP,Polska,Wypożyczenie,Sprzedany,75000,GKS Bełchatów,3,Polska,0,False,Napastnik,Młody
378,Raków Częstochowa,1,Polska,Kacper Trelowski,17,1.93,2019-08-23,19,0,0,0,1,0,0,0,0,1678,Bramkarz,BRK,Polska,Wypożyczenie,Sprzedany,500000,Sokół Ostróda,3,Polska,0,False,Bramkarz,Młody
380,Raków Częstochowa,1,Polska,Sebastian Musiolik,24,1.93,2018-07-01,226,37,6,0,84,78,29,0,0,13241,Środkowy napastnik,ŚNP,Polska,Wypożyczenie,Sprzedany,600000,Pordenone Calcio,2,Włochy,0,False,Napastnik,W sile wieku
385,Raków Częstochowa,1,Polska,Jaroslaw Jach,26,1.92,2018-01-23,156,8,4,3,19,12,31,0,0,12390,Środkowy obrońca,ŚOB,Polska,Wypożyczenie,Sprzedany,650000,Crystal Palace,1,Anglia,0,False,Obrońca,W sile wieku
386,Zagłębie Lubin,1,Polska,Adam Ratajczyk,18,1.76,2020-10-02,58,3,2,0,28,17,1,0,0,2870,Lewy napastnik,LNP,Polska,Transfer,Kupiony,350000,ŁKS Łódź,2,Polska,350000,False,Napastnik,Młody
387,Zagłębie Lubin,1,Polska,Lorenco Simic,24,1.95,2020-08-17,92,11,2,1,17,5,21,2,1,6736,Środkowy obrońca,ŚOB,Chorwacja,Transfer,Kupiony,750000,UC Sampdoria,1,Włochy,250000,False,Obrońca,W sile wieku
388,Zagłębie Lubin,1,Polska,Karol Podlinski,23,1.94,2021-02-24,128,27,10,0,51,48,17,1,1,7196,Środkowy napastnik,ŚNP,Polska,Transfer,Kupiony,300000,Radomiak Radom,1,Polska,50000,False,Napastnik,W sile wieku
389,Zagłębie Lubin,1,Polska,Lukasz Lakomy,19,1.81,2021-01-12,94,13,11,0,23,18,16,1,0,6533,Defensywny pomocnik,DPM,Polska,Transfer,Kupiony,100000,Legia Warszawa II,4,Polska,0,False,Pomocnik,Młody
390,Zagłębie Lubin,1,Polska,Kamil Bielikow,19,1.94,2021-07-01,30,0,0,0,0,0,1,0,0,2700,Bramkarz,BRK,Polska,Transfer,Kupiony,25000,Ascoli Picchio Primavera,8,Włochy,0,False,Bramkarz,Młody
391,Zagłębie Lubin,1,Polska,Jakub Zubrowski,28,1.81,2020-07-22,239,9,11,0,22,59,68,6,0,18729,Defensywny pomocnik,DPM,Polska,Transfer,Kupiony,250000,Korona Kielce,2,Polska,0,False,Pomocnik,W sile wieku
392,Zagłębie Lubin,1,Polska,Jakub Wojcicki,32,1.9,2020-08-01,321,19,49,2,43,90,27,0,1,23885,Prawy obrońca,POB,Polska,Transfer,Kupiony,150000,Jagiellonia Białystok,1,Polska,0,False,Obrońca,Doświadczony
393,Zagłębie Lubin,1,Polska,Djordje Crnomarkovic,27,1.88,2021-07-29,188,1,1,3,12,15,49,3,1,15824,Środkowy obrońca,ŚOB,Serbia,Wypożyczenie,Kupiony,400000,Lech Poznań,1,Polska,0,False,Obrońca,W sile wieku
394,Zagłębie Lubin,1,Polska,Mateusz Bartolewski,22,1.87,2020-07-31,118,17,7,0,32,30,31,1,0,7830,Lewy obrońca,LOB,Polska,Transfer,Kupiony,500000,Ruch Chorzów,3,Polska,5000,False,Obrońca,W sile wieku
395,Zagłębie Lubin,1,Polska,Dejan Drazic,25,1.78,2018-07-01,248,43,30,0,75,113,34,0,0,15414,Lewy napastnik,LNP,Serbia,Wypożyczenie,Kupiony,600000,Slovan Bratislava,1,Słowacja,0,False,Napastnik,W sile wieku
396,Zagłębie Lubin,1,Polska,Jakub Bednarczyk,21,1.84,2021-07-01,138,32,5,0,29,44,16,0,0,9359,Prawy obrońca,POB,Polska,Wypożyczenie,Kupiony,200000,FC St. Pauli,2,Niemcy,0,False,Obrońca,Młody
397,Zagłębie Lubin,1,Polska,Sören Reese,27,1.85,2021-08-31,180,9,12,1,9,14,14,0,1,15347,Środkowy obrońca,ŚOB,Dania,Wypożyczenie,Kupiony,400000,FC Midtjylland,1,Dania,0,False,Obrońca,W sile wieku
398,Zagłębie Lubin,1,Polska,Samuel Mraz,23,1.83,2021-09-02,217,52,15,0,96,73,11,0,0,11365,Środkowy napastnik,ŚNP,Słowacja,Wypożyczenie,Kupiony,500000,Empoli FC ,1,Włochy,0,False,Napastnik,W sile wieku
399,Zagłębie Lubin,1,Polska,Jakub Sypek,19,1.8,2021-08-13,79,22,7,0,22,35,7,0,0,4902,Prawy pomocnik,PPM,Polska,Transfer,Kupiony,50000,Zagłębie Lubin II,4,Polska,0,False,Pomocnik,Młody
400,Zagłębie Lubin,1,Polska,Mateusz Kizyma,18,1.86,2020-08-01,85,6,3,0,3,16,9,0,0,7151,Pomocnik,Pomocnik,Polska,Transfer,Kupiony,0,Zagłębie Lubin II,4,Polska,0,False,Pomocnik,Młody
402,Zagłębie Lubin,1,Polska,Oliwier Slawinski,15,1.84,2020-08-01,45,17,2,0,13,20,7,0,1,2636,Środkowy napastnik,ŚNP,Polska,Transfer,Kupiony,0,Zagłębie Lubin II,4,Polska,0,False,Napastnik,Junior młodszy
403,Zagłębie Lubin,1,Polska,Milan Posmyk,19,1.9,2021-05-14,56,7,0,0,5,2,8,1,0,4586,Środkowy obrońca,ŚOB,Polska,Transfer,Kupiony,50000,Zagłębie Lubin II,4,Polska,0,False,Obrońca,Młody
404,Zagłębie Lubin,1,Polska,Patryk Mucha,22,1.78,2020-08-10,126,13,4,0,32,39,9,0,0,8356,Defensywny pomocnik,DPM,Polska,Wypożyczenie,Kupiony,175000,Górnik Polkowice,2,Polska,0,False,Pomocnik,W sile wieku
405,Zagłębie Lubin,1,Polska,Bartosz Bialek,18,1.91,2020-08-19,92,23,6,0,48,19,4,0,0,4440,Środkowy napastnik,ŚNP,Polska,Transfer,Sprzedany,5000000,VfL Wolfsburg,1,Niemcy,5000000,False,Napastnik,Młody
406,Zagłębie Lubin,1,Polska,Damjan Bohar,28,1.72,2020-09-23,451,92,40,0,113,187,26,0,0,29604,Lewy napastnik,LNP,Słowenia,Transfer,Sprzedany,2500000,NK Osijek,1,Chorwacja,850000,False,Napastnik,W sile wieku
408,Zagłębie Lubin,1,Polska,Patryk Mucha,22,1.78,2020-08-10,126,13,4,0,32,39,9,0,0,8356,Defensywny pomocnik,DPM,Polska,Transfer,Sprzedany,175000,Widzew Łódź,2,Polska,0,False,Pomocnik,W sile wieku
409,Zagłębie Lubin,1,Polska,Jakub Tosik,33,1.79,2020-07-21,335,15,13,0,94,57,87,5,2,22113,Defensywny pomocnik,DPM,Polska,Transfer,Sprzedany,75000,ŁKS Łódź,2,Polska,0,False,Pomocnik,Doświadczony
410,Zagłębie Lubin,1,Polska,Kamil Mazek,25,1.74,2021-07-01,175,14,20,0,60,78,6,0,0,10528,Prawy napastnik,PNP,Polska,Transfer,Sprzedany,0,Arka Gdynia,2,Polska,0,False,Napastnik,W sile wieku
411,Zagłębie Lubin,1,Polska,Pawel Zyra,22,1.78,2020-08-04,112,10,5,0,26,51,14,1,0,7252,Ofensywny pomocnik,OPM,Polska,Transfer,Sprzedany,200000,Bruk-Bet Termalica Nieciecza,1,Polska,0,False,Pomocnik,W sile wieku
412,Zagłębie Lubin,1,Polska,Olaf Nowak,22,1.8,2021-07-15,168,37,3,0,90,51,14,0,0,7745,Środkowy napastnik,ŚNP,Polska,Transfer,Sprzedany,0,Zagłębie Sosnowiec,2,Polska,0,False,Napastnik,W sile wieku
413,Zagłębie Lubin,1,Polska,Alan Czerwinski,27,1.81,2020-08-01,283,5,36,0,27,34,45,2,1,22992,Prawy obrońca,POB,Polska,Transfer,Sprzedany,600000,Lech Poznań,1,Polska,0,False,Obrońca,W sile wieku
414,Zagłębie Lubin,1,Polska,Mátyás Tajti,22,1.83,2020-08-11,82,8,4,0,34,31,18,0,0,4514,Środkowy pomocnik,ŚPM,Węgry,Transfer,Sprzedany,300000,Zalaegerszegi TE FC,1,Węgry,0,False,Pomocnik,W sile wieku
416,Zagłębie Lubin,1,Polska,Bartosz Kopacz,28,1.88,2020-08-01,319,21,7,0,17,7,47,2,1,27246,Środkowy obrońca,ŚOB,Polska,Transfer,Sprzedany,750000,Lechia Gdańsk,1,Polska,0,False,Obrońca,W sile wieku
418,Zagłębie Lubin,1,Polska,Kacper Bieszczad,17,1.92,2019-03-07,53,0,0,0,1,0,1,0,0,4740,Bramkarz,BRK,Polska,Wypożyczenie,Sprzedany,200000,Chrobry Głogów,2,Polska,0,False,Bramkarz,Młody
419,Zagłębie Lubin,1,Polska,Rok Sirk,27,1.84,2021-07-01,127,36,3,0,62,42,10,0,0,6204,Środkowy napastnik,ŚNP,Słowenia,Wypożyczenie,Sprzedany,250000,Radomiak Radom,1,Polska,0,False,Napastnik,W sile wieku
420,Zagłębie Lubin,1,Polska,Dawid Pakulski,22,1.79,2017-11-16,134,15,3,0,40,42,29,1,0,8380,Środkowy pomocnik,ŚPM,Polska,Wypożyczenie,Sprzedany,250000,Motor Lublin,3,Polska,0,False,Pomocnik,W sile wieku
422,Zagłębie Lubin,1,Polska,Dejan Drazic,24,1.78,2018-07-01,248,43,30,0,75,113,34,0,0,15414,Lewy napastnik,LNP,Serbia,Wypożyczenie,Sprzedany,600000,Slovan Bratislava,1,Słowacja,0,False,Napastnik,W sile wieku
423,Zagłębie Lubin,1,Polska,Sören Reese,27,1.85,2021-08-31,180,9,12,1,9,14,14,0,1,15347,Środkowy obrońca,ŚOB,Dania,Wypożyczenie,Sprzedany,400000,FC Midtjylland,1,Dania,0,False,Obrońca,W sile wieku
425,Wisła Płock,1,Polska,Wojciech Szumilas,23,1.77,2021-07-01,93,14,3,0,45,24,12,0,0,4721,Ofensywny pomocnik,OPM,Polska,Transfer,Kupiony,150000,GKS Tychy,2,Polska,0,False,Pomocnik,W sile wieku
426,Wisła Płock,1,Polska,Damian Zbozien,31,1.86,2020-08-13,299,21,15,1,27,19,42,0,1,24465,Prawy obrońca,POB,Polska,Transfer,Kupiony,150000,Arka Gdynia,2,Polska,0,False,Obrońca,Doświadczony
427,Wisła Płock,1,Polska,Dusan Lagator,26,1.9,2020-08-11,212,9,2,1,46,29,53,2,0,15065,Defensywny pomocnik,DPM,Czarnogóra,Transfer,Kupiony,500000,FK Sochi,1,Rosja,0,False,Pomocnik,W sile wieku
428,Wisła Płock,1,Polska,Julio Rodríguez,24,1.94,2021-07-01,163,3,4,1,8,13,38,2,3,13669,Środkowy obrońca,ŚOB,Hiszpania,Transfer,Kupiony,150000,Tsarsko Selo Sofia,1,Bułgaria,0,False,Obrońca,W sile wieku
429,Wisła Płock,1,Polska,Airam Cabrera,32,1.78,2021-08-13,346,124,12,0,119,110,49,1,1,20847,Środkowy napastnik,ŚNP,Hiszpania,Transfer,Kupiony,100000,Extremadura UD,3,Hiszpania,0,False,Napastnik,Doświadczony
430,Wisła Płock,1,Polska,Piotr Pyrdol,21,1.78,2021-09-02,158,15,4,0,43,59,10,0,0,10107,Prawy napastnik,PNP,Polska,Transfer,Kupiony,250000,Legia Warszawa,1,Polska,0,False,Napastnik,Młody
431,Wisła Płock,1,Polska,Mateusz Lewandowski,21,1.87,2021-08-05,94,19,3,0,55,25,13,0,0,4083,Środkowy napastnik,ŚNP,Polska,Transfer,Kupiony,250000,BFC Dynamo,4,Niemcy,0,False,Napastnik,Młody
433,Wisła Płock,1,Polska,Kacper Kondracki,17,1.75,2021-07-08,38,4,3,0,11,27,4,0,0,1976,Ofensywny pomocnik,OPM,Polska,Transfer,Kupiony,0,GKS Bełchatów,3,Polska,0,False,Pomocnik,Młody
435,Wisła Płock,1,Polska,Filip Lesniak,24,1.76,2020-08-01,191,6,9,0,41,39,15,0,0,13813,Defensywny pomocnik,DPM,Słowacja,Transfer,Kupiony,350000,Aalborg BK,1,Dania,0,False,Pomocnik,W sile wieku
440,Wisła Płock,1,Polska,Kristian Vallo,22,1.86,2021-07-01,183,20,27,1,47,45,15,0,0,12274,Prawy obrońca,POB,Słowacja,Wypożyczenie,Kupiony,400000,MSK Zilina,1,Słowacja,0,False,Obrońca,W sile wieku
443,Wisła Płock,1,Polska,Maciej Spychala,22,1.81,2020-08-05,144,6,6,0,24,47,37,2,0,10178,Środkowy pomocnik,ŚPM,Polska,Wypożyczenie,Kupiony,125000,Chojniczanka Chojnice,3,Polska,0,False,Pomocnik,W sile wieku
444,Wisła Płock,1,Polska,Adrian Szczutowski,20,1.95,2021-08-25,54,10,0,0,33,17,3,0,0,2214,Środkowy napastnik,ŚNP,Polska,Wypożyczenie,Kupiony,100000,Stal Stalowa Wola,4,Polska,0,False,Napastnik,Młody
445,Wisła Płock,1,Polska,Oskar Zawada,24,1.92,2021-02-14,207,75,19,0,83,58,12,1,1,10956,Środkowy napastnik,ŚNP,Polska,Wypożyczenie,Kupiony,200000,Arka Gdynia,2,Polska,0,False,Napastnik,W sile wieku
446,Wisła Płock,1,Polska,Titas Milasius,19,1.78,2021-07-01,57,13,5,0,21,24,15,0,0,3268,Lewy napastnik,LNP,Litwa,Wypożyczenie,Kupiony,100000,Świt Nowy Dwór Mazowiecki,4,Polska,0,False,Napastnik,Młody
447,Wisła Płock,1,Polska,Bartlomiej Gradecki,20,1.94,2017-07-10,28,0,0,0,0,0,1,0,0,2520,Bramkarz,BRK,Polska,Wypożyczenie,Kupiony,50000,Znicz Pruszków,3,Polska,0,False,Bramkarz,Młody
448,Wisła Płock,1,Polska,Jakub Witek,18,1.83,2021-08-20,23,0,1,0,4,10,8,0,0,1552,Środkowy pomocnik,ŚPM,Polska,Wypożyczenie,Kupiony,0,GKS Bełchatów,3,Polska,0,False,Pomocnik,Młody
449,Wisła Płock,1,Polska,Oskar Zawada,24,1.92,2021-02-14,207,75,19,0,83,58,12,1,1,10956,Środkowy napastnik,ŚNP,Polska,Transfer,Sprzedany,200000,Raków Częstochowa,1,Polska,50000,False,Napastnik,W sile wieku
450,Wisła Płock,1,Polska,Thomas Dähne,26,1.93,2020-07-01,215,0,0,0,1,7,7,0,1,19109,Bramkarz,BRK,Niemcy,Transfer,Sprzedany,500000,Holstein Kiel,2,Niemcy,0,False,Bramkarz,W sile wieku
451,Wisła Płock,1,Polska,Dominik Furman,28,1.83,2021-07-06,293,24,42,0,58,60,52,4,1,21061,Środkowy pomocnik,ŚPM,Polska,Transfer,Sprzedany,500000,Genclerbirligi Ankara,2,Turcja,0,False,Pomocnik,W sile wieku
452,Wisła Płock,1,Polska,Maciej Spychala,22,1.81,2020-08-05,144,6,6,0,24,47,37,2,0,10178,Środkowy pomocnik,ŚPM,Polska,Transfer,Sprzedany,125000,Stomil Olsztyn,2,Polska,0,False,Pomocnik,W sile wieku
453,Wisła Płock,1,Polska,Karol Angielski,24,1.81,2020-08-21,170,43,12,0,65,66,11,2,0,9520,Środkowy napastnik,ŚNP,Polska,Transfer,Sprzedany,450000,Radomiak Radom,1,Polska,0,False,Napastnik,W sile wieku
455,Wisła Płock,1,Polska,Maciej Ambrosiewicz,22,1.85,2021-01-01,160,8,2,0,42,28,29,1,0,10947,Środkowy pomocnik,ŚPM,Polska,Transfer,Sprzedany,150000,Zagłębie Sosnowiec,2,Polska,0,False,Pomocnik,W sile wieku
456,Wisła Płock,1,Polska,Grzegorz Kuswik,33,1.81,2021-09-29,298,71,18,0,122,103,48,3,0,16312,Środkowy napastnik,ŚNP,Polska,Transfer,Sprzedany,0,Stomil Olsztyn,2,Polska,0,False,Napastnik,Doświadczony
457,Wisła Płock,1,Polska,Suad Sahiti,25,1.79,2021-03-03,165,11,10,0,60,83,15,0,0,8566,Prawy napastnik,PNP,Kosowo,Transfer,Sprzedany,300000,HSK Zrinjski Mostar,1,Bośnia i Hercegowina,0,False,Napastnik,W sile wieku
459,Wisła Płock,1,Polska,Adrian Szczutowski,20,1.95,2021-08-25,54,10,0,0,33,17,3,0,0,2214,Środkowy napastnik,ŚNP,Polska,Wypożyczenie,Sprzedany,100000,Stomil Olsztyn,2,Polska,0,False,Napastnik,Młody
460,Wisła Płock,1,Polska,Kacper Kondracki,17,1.75,2021-07-08,38,4,3,0,11,27,4,0,0,1976,Ofensywny pomocnik,OPM,Polska,Wypożyczenie,Sprzedany,0,Wisła Puławy,3,Polska,0,False,Pomocnik,Młody
461,Wisła Płock,1,Polska,Jakub Witek,17,1.83,2021-08-20,23,0,1,0,4,10,8,0,0,1552,Środkowy pomocnik,ŚPM,Polska,Wypożyczenie,Sprzedany,0,GKS Bełchatów,3,Polska,0,False,Pomocnik,Młody
465,Wisła Płock,1,Polska,Titas Milasius,20,1.78,2021-07-01,57,13,5,0,21,24,15,0,0,3268,Lewy napastnik,LNP,Litwa,Wypożyczenie,Sprzedany,100000,Skra Częstochowa,2,Polska,0,False,Napastnik,Młody
466,Wisła Płock,1,Polska,Patryk Leszczynski,18,1.81,2020-09-18,41,2,0,0,16,14,4,0,0,2224,Prawy obrońca,POB,Polska,Wypożyczenie,Sprzedany,0,Olimpia Grudziądz,4,Polska,0,False,Obrońca,Młody
467,Wisła Płock,1,Polska,Jakub Wrabel,24,1.94,2021-07-01,116,0,0,0,1,3,3,0,0,10230,Bramkarz,BRK,Polska,Wypożyczenie,Sprzedany,150000,Widzew Łódź,2,Polska,0,False,Bramkarz,W sile wieku
468,Wisła Płock,1,Polska,Mikolaj Kwietniewski,21,1.74,2021-07-24,110,15,9,0,32,48,15,0,0,6839,Ofensywny pomocnik,OPM,Polska,Wypożyczenie,Sprzedany,250000,Legia Warszawa,1,Polska,0,False,Pomocnik,Młody
469,Wisła Płock,1,Polska,Michal Marcjanik,25,1.86,2020-08-09,214,17,5,3,3,2,29,1,0,19114,Środkowy obrońca,ŚOB,Polska,Wypożyczenie,Sprzedany,250000,Empoli FC ,1,Włochy,0,False,Obrońca,W sile wieku
470,Wisła Kraków,1,Polska,Michal Frydrych,30,1.88,2020-09-16,304,31,13,2,43,6,56,1,2,23927,Środkowy obrońca,ŚOB,Czechy,Transfer,Kupiony,550000,SK Slavia Praga,1,Czechy,800000,False,Obrońca,Doświadczony
471,Wisła Kraków,1,Polska,Nikola Kuveljic,23,1.94,2020-07-01,71,3,2,0,30,7,17,2,0,3870,Środkowy pomocnik,ŚPM,Serbia,Transfer,Kupiony,300000,FK Javor-Matis Ivanjica,2,Serbia,200000,False,Pomocnik,W sile wieku
472,Wisła Kraków,1,Polska,Krystian Wachowiak,19,1.75,2021-02-03,51,4,5,0,11,14,11,0,0,3514,Lewy obrońca,LOB,Polska,Transfer,Kupiony,200000,Chojniczanka Chojnice,3,Polska,110000,False,Obrońca,Młody
473,Wisła Kraków,1,Polska,Felicio Brown Forbes,29,1.89,2020-10-05,304,52,14,0,73,93,59,1,2,20757,Środkowy napastnik,ŚNP,Kostaryka,Transfer,Kupiony,700000,Raków Częstochowa,1,Polska,100000,False,Napastnik,W sile wieku
475,Wisła Kraków,1,Polska,Stefan Savic,26,1.74,2020-08-06,287,40,49,0,95,85,18,0,0,17989,Ofensywny pomocnik,OPM,Austria,Transfer,Kupiony,400000,NK Olimpija Ljubljana,1,Słowenia,0,False,Pomocnik,W sile wieku
476,Wisła Kraków,1,Polska,Tim Hall,23,1.9,2021-08-05,113,6,1,1,9,12,24,1,1,9226,Środkowy obrońca,ŚOB,Luksemburg,Transfer,Kupiony,200000,Gil Vicente FC,1,Portugalia,0,False,Obrońca,W sile wieku
477,Wisła Kraków,1,Polska,David Mawutor,28,1.81,2021-07-14,102,5,7,0,9,12,21,1,1,8385,Defensywny pomocnik,DPM,Ghana,Transfer,Kupiony,400000,Żetysu Tałdykorgan,1,Kazachstan,0,False,Pomocnik,W sile wieku
478,Wisła Kraków,1,Polska,Yaw Yeboah,23,1.75,2020-08-11,156,18,8,0,41,68,19,1,1,9782,Prawy napastnik,PNP,Ghana,Transfer,Kupiony,1200000,CD Numancia,4,Hiszpania,0,False,Napastnik,W sile wieku
479,Wisła Kraków,1,Polska,Fatos Beqiraj,32,1.88,2021-07-10,384,118,51,0,97,122,48,0,1,25761,Środkowy napastnik,ŚNP,Czarnogóra,Transfer,Kupiony,200000,Maccabi Netanya,1,Izrael,0,False,Napastnik,Doświadczony
481,Wisła Kraków,1,Polska,Uros Radakovic,26,1.94,2021-07-23,211,5,5,3,11,21,36,1,4,17417,Środkowy obrońca,ŚOB,Serbia,Wypożyczenie,Kupiony,700000,AC Sparta Praga,1,Czechy,0,False,Obrońca,W sile wieku
482,Wisła Kraków,1,Polska,Dawid Abramowicz,29,1.86,2021-01-29,236,15,22,1,14,15,36,2,0,19923,Lewy obrońca,LOB,Polska,Transfer,Kupiony,350000,Radomiak Radom,1,Polska,15000,False,Obrońca,W sile wieku
483,Wisła Kraków,1,Polska,Zan Medved,21,1.85,2021-07-03,98,39,5,1,26,34,14,0,1,6466,Środkowy napastnik,ŚNP,Słowenia,Wypożyczenie,Kupiony,200000,Slovan Bratislava,1,Słowacja,0,False,Napastnik,Młody
484,Wisła Kraków,1,Polska,Piotr Starzynski,17,1.73,2021-01-29,46,4,1,0,18,19,1,0,0,2397,Lewy napastnik,LNP,Polska,Transfer,Kupiony,350000,Wisła Kraków U19,8,Polska,0,False,Napastnik,Młody
486,Wisła Kraków,1,Polska,Konrad Gruszkowski,19,1.83,2020-08-18,60,3,4,0,14,30,11,0,0,4066,Prawy obrońca,POB,Polska,Transfer,Kupiony,550000,Wisła Kraków U19,8,Polska,0,False,Obrońca,Młody
487,Wisła Kraków,1,Polska,Artur Balicki,20,1.83,2021-08-02,84,12,7,0,56,23,4,1,0,2977,Środkowy napastnik,ŚNP,Polska,Wypożyczenie,Kupiony,0,Pogoń Siedlce,3,Polska,0,False,Napastnik,Młody
488,Wisła Kraków,1,Polska,Patryk Plewka,20,1.74,2017-07-11,124,12,2,0,26,27,4,0,0,8570,Defensywny pomocnik,DPM,Polska,Wypożyczenie,Kupiony,700000,Stal Rzeszów,3,Polska,0,False,Pomocnik,Młody
489,Wisła Kraków,1,Polska,Daniel Morys,19,1.74,2020-09-18,124,10,10,0,24,28,23,1,0,8998,Prawy obrońca,POB,Polska,Wypożyczenie,Kupiony,0,Olimpia Elbląg,3,Polska,0,False,Obrońca,Młody
490,Wisła Kraków,1,Polska,Marcin Grabowski,20,1.77,2020-08-28,116,8,12,0,19,17,11,0,0,8819,Lewy obrońca,LOB,Polska,Wypożyczenie,Kupiony,350000,Bruk-Bet Termalica Nieciecza,1,Polska,0,False,Obrońca,Młody
491,Wisła Kraków,1,Polska,Przemyslaw Zdybowicz,21,1.84,2019-08-16,107,15,4,0,52,42,5,0,0,4660,Środkowy napastnik,ŚNP,Polska,Wypożyczenie,Kupiony,125000,Resovia Rzeszów,2,Polska,0,False,Napastnik,Młody
492,Wisła Kraków,1,Polska,Artur Balicki,21,1.83,2021-08-02,84,12,7,0,56,23,4,1,0,2977,Środkowy napastnik,ŚNP,Polska,Wypożyczenie,Kupiony,0,Garbarnia Kraków,3,Polska,0,False,Napastnik,Młody
493,Wisła Kraków,1,Polska,Przemyslaw Zdybowicz,20,1.84,2019-08-16,107,15,4,0,52,42,5,0,0,4660,Środkowy napastnik,ŚNP,Polska,Wypożyczenie,Kupiony,125000,GKS Bełchatów,3,Polska,0,False,Napastnik,Młody
494,Wisła Kraków,1,Polska,Serafin Szota,21,1.86,2019-08-01,145,8,1,2,16,12,23,2,0,11714,Środkowy obrońca,ŚOB,Polska,Wypożyczenie,Kupiony,400000,Stomil Olsztyn,2,Polska,0,False,Obrońca,Młody
495,Wisła Kraków,1,Polska,Kacper Chorazka,21,1.89,2021-01-30,74,0,0,0,1,1,1,0,0,6587,Bramkarz,BRK,Polska,Wypożyczenie,Kupiony,75000,Zagłębie Sosnowiec,2,Polska,0,False,Bramkarz,Młody
496,Wisła Kraków,1,Polska,Vukan Savicevic,26,1.79,2020-08-04,234,28,21,0,84,70,39,2,0,13966,Środkowy pomocnik,ŚPM,Czarnogóra,Transfer,Sprzedany,400000,Samsunspor,2,Turcja,350000,False,Pomocnik,W sile wieku
497,Wisła Kraków,1,Polska,Lukas Klemenz,25,1.91,2021-01-28,164,7,2,1,12,18,46,2,1,13273,Środkowy obrońca,ŚOB,Polska,Transfer,Sprzedany,400000,Budapest Honvéd FC,1,Węgry,50000,False,Obrońca,W sile wieku
498,Wisła Kraków,1,Polska,Kacper Chorazka,21,1.89,2021-01-30,74,0,0,0,1,1,1,0,0,6587,Bramkarz,BRK,Polska,Transfer,Sprzedany,75000,Zagłębie Sosnowiec,2,Polska,0,False,Bramkarz,Młody
499,Wisła Kraków,1,Polska,Krzysztof Drzazga,25,1.8,2020-08-01,140,32,23,0,45,76,15,0,0,8139,Ofensywny pomocnik,OPM,Polska,Transfer,Sprzedany,200000,Miedź Legnica,2,Polska,0,False,Pomocnik,W sile wieku
500,Wisła Kraków,1,Polska,Patryk Moskiewicz,19,1.85,2020-08-13,78,7,2,0,4,23,4,0,0,6451,Defensywny pomocnik,DPM,Polska,Transfer,Sprzedany,0,KP Starogard Gdanski,4,Polska,0,False,Pomocnik,Młody
501,Wisła Kraków,1,Polska,Rafal Janicki,28,1.88,2021-07-16,313,9,10,2,11,14,58,1,1,27084,Środkowy obrońca,ŚOB,Polska,Transfer,Sprzedany,250000,Podbeskidzie Bielsko-Biała,2,Polska,0,False,Obrońca,W sile wieku
502,Wisła Kraków,1,Polska,Marcin Grabowski,20,1.77,2020-08-28,116,8,12,0,19,17,11,0,0,8819,Lewy obrońca,LOB,Polska,Transfer,Sprzedany,350000,Bruk-Bet Termalica Nieciecza,1,Polska,0,False,Obrońca,Młody
504,Wisła Kraków,1,Polska,Michal Mak,29,1.72,2021-02-10,245,40,37,0,62,95,35,0,1,15929,Lewy napastnik,LNP,Polska,Transfer,Sprzedany,250000,Górnik Łęczna,1,Polska,0,False,Napastnik,W sile wieku
505,Wisła Kraków,1,Polska,Daniel Morys,19,1.74,2020-09-18,124,10,10,0,24,28,23,1,0,8998,Prawy obrońca,POB,Polska,Transfer,Sprzedany,0,Garbarnia Kraków,3,Polska,0,False,Obrońca,Młody
506,Wisła Kraków,1,Polska,Damian Pawlowski,21,1.85,2021-07-01,136,14,13,0,32,43,26,1,0,9425,Środkowy pomocnik,ŚPM,Polska,Wypożyczenie,Sprzedany,200000,Stal Mielec,1,Polska,0,False,Pomocnik,Młody
507,Wisła Kraków,1,Polska,Artur Balicki,20,1.83,2021-08-02,84,12,7,0,56,23,4,1,0,2977,Środkowy napastnik,ŚNP,Polska,Wypożyczenie,Sprzedany,0,Garbarnia Kraków,3,Polska,0,False,Napastnik,Młody
508,Wisła Kraków,1,Polska,Przemyslaw Zdybowicz,21,1.84,2019-08-16,107,15,4,0,52,42,5,0,0,4660,Środkowy napastnik,ŚNP,Polska,Wypożyczenie,Sprzedany,125000,Resovia Rzeszów,2,Polska,0,False,Napastnik,Młody
516,Wisła Kraków,1,Polska,Fatos Beqiraj,32,1.88,2021-07-10,384,118,51,0,97,122,48,0,1,25761,Środkowy napastnik,ŚNP,Czarnogóra,Wypożyczenie,Sprzedany,200000,Bnei Yehuda Tel Aviv,2,Izrael,0,False,Napastnik,Doświadczony
517,Wisła Kraków,1,Polska,Nikola Kuveljic,23,1.94,2020-07-01,71,3,2,0,30,7,17,2,0,3870,Środkowy pomocnik,ŚPM,Serbia,Wypożyczenie,Sprzedany,300000,FK Javor-Matis Ivanjica,2,Serbia,0,False,Pomocnik,W sile wieku
518,Wisła Kraków,1,Polska,Lubomir Tupta,22,1.81,2021-08-17,155,54,8,0,44,38,12,0,0,10086,Środkowy napastnik,ŚNP,Słowacja,Wypożyczenie,Sprzedany,400000,Hellas Verona,1,Włochy,0,False,Napastnik,W sile wieku
519,Wisła Kraków,1,Polska,Mateusz Holownia,22,1.84,2014-07-01,142,12,7,0,16,15,26,0,1,11056,Środkowy obrońca,ŚOB,Polska,Wypożyczenie,Sprzedany,400000,Legia Warszawa,1,Polska,0,False,Obrońca,W sile wieku
520,Wisła Kraków,1,Polska,Hebert,29,1.91,2021-07-01,227,14,5,4,10,6,33,0,1,19596,Środkowy obrońca,ŚOB,Brazylia,Wypożyczenie,Sprzedany,100000,JEF United Chiba,2,Japonia,0,False,Obrońca,W sile wieku
521,Wisła Kraków,1,Polska,Alon Turgeman,29,1.78,2021-01-19,301,92,23,0,83,122,29,0,1,19139,Środkowy napastnik,ŚNP,Izrael,Wypożyczenie,Sprzedany,350000,FK Austria Wiedeń,1,Austria,0,False,Napastnik,W sile wieku
523,Podbeskidzie Bielsko-Biała,1,Polska,Petar Mamic,24,1.83,2021-09-16,138,9,10,1,15,23,37,0,0,10973,Lewy obrońca,LOB,Chorwacja,Transfer,Kupiony,200000,Raków Częstochowa,1,Polska,0,False,Obrońca,W sile wieku
524,Podbeskidzie Bielsko-Biała,1,Polska,Rafal Janicki,28,1.88,2021-07-16,313,9,10,2,11,14,58,1,1,27084,Środkowy obrońca,ŚOB,Polska,Transfer,Kupiony,250000,Wisła Kraków,1,Polska,0,False,Obrońca,W sile wieku
525,Podbeskidzie Bielsko-Biała,1,Polska,Michal Peskovic,38,1.88,2020-11-03,288,0,0,0,2,0,9,0,0,25943,Bramkarz,BRK,Słowacja,Transfer,Kupiony,50000,Cracovia,1,Polska,0,False,Bramkarz,Zbliżający się do końca kariery
527,Podbeskidzie Bielsko-Biała,1,Polska,Sergiy Myakushko,27,1.7,2021-10-24,195,32,24,0,65,61,17,0,0,12048,Prawy napastnik,PNP,Ukraina,Transfer,Kupiony,200000,AD Alcorcón,2,Hiszpania,0,False,Napastnik,W sile wieku
528,Podbeskidzie Bielsko-Biała,1,Polska,Peter Wilson,24,1.82,2021-07-10,211,49,13,0,51,38,7,0,0,14731,Środkowy napastnik,ŚNP,Liberia,Transfer,Kupiony,300000,FC Sheriff Tyraspol,1,Mołdawia,0,False,Napastnik,W sile wieku
529,Podbeskidzie Bielsko-Biała,1,Polska,Milan Rundic,28,1.88,2021-07-01,253,14,4,1,16,22,50,2,2,21182,Środkowy obrońca,ŚOB,Serbia,Transfer,Kupiony,400000,MFK Karvina,1,Czechy,0,False,Obrońca,W sile wieku
530,Podbeskidzie Bielsko-Biała,1,Polska,Gergő Kocsis,26,1.88,2021-07-22,154,5,7,2,34,29,23,2,0,10732,Defensywny pomocnik,DPM,Węgry,Transfer,Kupiony,250000,Zalaegerszegi TE FC,1,Węgry,0,False,Pomocnik,W sile wieku
531,Podbeskidzie Bielsko-Biała,1,Polska,Dominik Frelek,18,1.83,2020-08-19,78,0,2,0,27,18,14,0,0,4894,Defensywny pomocnik,DPM,Polska,Transfer,Kupiony,150000,Olimpia Grudziądz,4,Polska,35000,False,Pomocnik,Młody
532,Podbeskidzie Bielsko-Biała,1,Polska,Maksymilian Sitek,19,1.74,2021-07-10,117,12,13,0,39,60,14,0,0,6659,Prawy pomocnik,PPM,Polska,Transfer,Kupiony,450000,Legia Warszawa II,4,Polska,35000,False,Pomocnik,Młody
534,Podbeskidzie Bielsko-Biała,1,Polska,Jakub Hora,29,1.76,2021-07-01,347,54,31,0,66,103,42,0,1,25163,Ofensywny pomocnik,OPM,Czechy,Wypożyczenie,Kupiony,450000,FK Teplice,1,Czechy,0,False,Pomocnik,W sile wieku
539,Podbeskidzie Bielsko-Biała,1,Polska,Rafal Figiel,29,1.75,2021-01-18,231,26,25,0,31,56,43,0,1,17528,Defensywny pomocnik,DPM,Polska,Transfer,Sprzedany,100000,GKS Katowice,2,Polska,0,False,Pomocnik,W sile wieku
540,Podbeskidzie Bielsko-Biała,1,Polska,Iván Martín,25,1.85,2021-01-20,137,21,2,0,64,41,17,1,1,6724,Środkowy napastnik,ŚNP,Hiszpania,Transfer,Sprzedany,100000,Real Balompédica Linense,3,Hiszpania,0,False,Napastnik,W sile wieku
541,Podbeskidzie Bielsko-Biała,1,Polska,Aleksander Komor,26,1.9,2021-07-01,108,10,0,1,4,7,14,1,2,9272,Środkowy obrońca,ŚOB,Polska,Transfer,Sprzedany,100000,GKS 1962 Jastrzębie,2,Polska,0,False,Obrońca,W sile wieku
542,Podbeskidzie Bielsko-Biała,1,Polska,Bartosz Jaroch,25,1.85,2021-01-22,198,22,12,1,14,24,45,3,0,16297,Prawy obrońca,POB,Polska,Transfer,Sprzedany,125000,Resovia Rzeszów,2,Polska,0,False,Obrońca,W sile wieku
543,Podbeskidzie Bielsko-Biała,1,Polska,Adrian Rakowski,29,1.8,2020-10-06,212,9,12,0,80,74,38,0,0,11815,Środkowy pomocnik,ŚPM,Polska,Transfer,Sprzedany,0,Chojniczanka Chojnice,3,Polska,0,False,Pomocnik,W sile wieku
546,Podbeskidzie Bielsko-Biała,1,Polska,Rafal Leszczynski,28,1.87,2021-03-04,223,0,0,0,1,1,16,1,1,20002,Bramkarz,BRK,Polska,Transfer,Sprzedany,150000,Chrobry Głogów,2,Polska,0,False,Bramkarz,W sile wieku
547,Podbeskidzie Bielsko-Biała,1,Polska,Tomasz Nowak,35,1.71,2021-07-01,415,54,54,1,88,75,47,1,0,30051,Ofensywny pomocnik,OPM,Polska,Wypożyczenie,Sprzedany,0,Rekord Bielsko-Biała,4,Polska,0,False,Pomocnik,Doświadczony
548,Podbeskidzie Bielsko-Biała,1,Polska,Szymon Mroczko,20,1.84,2020-02-28,18,0,0,0,7,3,4,0,0,1035,Prawy obrońca,POB,Polska,Wypożyczenie,Sprzedany,100000,Sokół Ostróda,3,Polska,0,False,Obrońca,Młody
549,Podbeskidzie Bielsko-Biała,1,Polska,Filip Laskowski,19,1.83,2019-07-12,69,10,2,0,28,16,15,2,0,3821,Ofensywny pomocnik,OPM,Polska,Wypożyczenie,Sprzedany,150000,GKS Bełchatów,3,Polska,0,False,Pomocnik,Młody
550,Podbeskidzie Bielsko-Biała,1,Polska,Arkadiusz Leszczynski,21,1.92,2021-07-01,27,0,0,0,0,1,3,0,0,2425,Bramkarz,BRK,Polska,Wypożyczenie,Sprzedany,0,Hutnik Kraków,3,Polska,0,False,Bramkarz,Młody
551,Podbeskidzie Bielsko-Biała,1,Polska,Kacper Gach,22,1.78,2017-08-08,74,4,5,0,8,16,11,0,1,5793,Lewy obrońca,LOB,Polska,Wypożyczenie,Sprzedany,200000,Widzew Łódź,2,Polska,0,False,Obrońca,W sile wieku
552,Podbeskidzie Bielsko-Biała,1,Polska,Damian Hilbrycht,22,1.79,2021-07-01,135,29,2,0,44,46,20,1,0,8215,Ofensywny pomocnik,OPM,Polska,Wypożyczenie,Sprzedany,100000,GKS Bełchatów,3,Polska,0,False,Pomocnik,W sile wieku
555,Podbeskidzie Bielsko-Biała,1,Polska,Michal Batelt,20,1.95,2021-08-31,20,0,0,0,6,1,1,1,0,1233,Środkowy obrońca,ŚOB,Polska,Wypożyczenie,Sprzedany,0,MKS Kluczbork,4,Polska,0,False,Obrońca,Młody
556,Podbeskidzie Bielsko-Biała,1,Polska,Konrad Sieracki,20,1.78,2019-07-23,48,4,1,0,8,26,8,0,0,3302,Środkowy pomocnik,ŚPM,Polska,Wypożyczenie,Sprzedany,75000,GKS 1962 Jastrzębie,2,Polska,0,False,Pomocnik,Młody
557,Podbeskidzie Bielsko-Biała,1,Polska,Mateusz Sopocko,21,1.75,2021-01-27,78,8,0,0,37,19,6,0,0,4012,Ofensywny pomocnik,OPM,Polska,Wypożyczenie,Sprzedany,150000,Lechia Gdańsk,1,Polska,0,False,Pomocnik,Młody
558,Stal Mielec,1,Polska,Jakub Wrobel,27,1.82,2021-07-02,189,36,13,0,62,80,20,3,0,11241,Lewy napastnik,LNP,Polska,Transfer,Kupiony,150000,ŁKS Łódź,2,Polska,70000,False,Napastnik,W sile wieku
559,Stal Mielec,1,Polska,Mateusz Zyro,21,1.88,2020-08-05,175,3,2,2,21,20,31,2,0,13444,Środkowy obrońca,ŚOB,Polska,Transfer,Kupiony,400000,Legia Warszawa,1,Polska,50000,False,Obrońca,Młody
560,Stal Mielec,1,Polska,Jonathan de Amo,31,1.9,2021-01-17,256,12,4,0,13,22,53,1,6,21471,Środkowy obrońca,ŚOB,Hiszpania,Transfer,Kupiony,350000,Bruk-Bet Termalica Nieciecza,1,Polska,0,False,Obrońca,Doświadczony
561,Stal Mielec,1,Polska,Maciej Jankowski,31,1.81,2021-01-08,351,72,35,0,93,131,15,0,0,23483,Środkowy napastnik,ŚNP,Polska,Transfer,Kupiony,150000,Arka Gdynia,2,Polska,0,False,Napastnik,Doświadczony
562,Stal Mielec,1,Polska,Albin Granlund,31,1.79,2021-01-07,314,4,6,1,31,39,15,0,0,25121,Prawy obrońca,POB,Finlandia,Transfer,Kupiony,150000,Örebro SK,1,Szwecja,0,False,Obrońca,Doświadczony
563,Stal Mielec,1,Polska,Aleksandar Kolev,28,1.91,2021-01-05,216,33,17,0,74,52,25,2,1,12966,Środkowy napastnik,ŚNP,Bułgaria,Transfer,Kupiony,250000,Kaysar Kyzylorda,1,Kazachstan,0,False,Napastnik,W sile wieku
564,Stal Mielec,1,Polska,Bozhidar Chorbadzhiyski,25,1.95,2020-10-20,144,9,3,0,9,12,35,3,1,12060,Środkowy obrońca,ŚOB,Bułgaria,Transfer,Kupiony,200000,CSKA-Sofia,1,Bułgaria,0,False,Obrońca,W sile wieku
565,Stal Mielec,1,Polska,Martin Sus,30,1.84,2021-07-01,288,16,6,0,37,36,51,1,1,22620,Prawy obrońca,POB,Czechy,Transfer,Kupiony,150000,Slezsky FC Opava,2,Czechy,0,False,Obrońca,Doświadczony
566,Stal Mielec,1,Polska,Mateusz Matras,29,1.93,2020-08-20,337,19,19,0,33,49,75,0,4,27026,Środkowy obrońca,ŚOB,Polska,Transfer,Kupiony,350000,Górnik Zabrze,1,Polska,0,False,Obrońca,W sile wieku
567,Stal Mielec,1,Polska,Marcin Flis,26,1.85,2020-08-18,167,8,8,0,12,19,34,0,0,13744,Środkowy obrońca,ŚOB,Polska,Transfer,Kupiony,300000,Sandecja Nowy Sącz,2,Polska,0,False,Obrońca,W sile wieku
568,Stal Mielec,1,Polska,Petteri Forsell,29,1.7,2021-08-11,356,102,64,0,67,77,27,0,1,25966,Ofensywny pomocnik,OPM,Finlandia,Transfer,Kupiony,350000,Korona Kielce,2,Polska,0,False,Pomocnik,W sile wieku
569,Stal Mielec,1,Polska,Michal Gliwa,32,1.88,2020-08-03,209,0,0,0,1,0,9,0,1,18901,Bramkarz,BRK,Polska,Transfer,Kupiony,150000,Raków Częstochowa,1,Polska,0,False,Bramkarz,Doświadczony
570,Stal Mielec,1,Polska,Kamil Koscielny,29,1.85,2020-08-04,199,16,5,2,24,6,23,0,1,16090,Środkowy obrońca,ŚOB,Polska,Transfer,Kupiony,200000,Raków Częstochowa,1,Polska,0,False,Obrońca,W sile wieku
571,Stal Mielec,1,Polska,Lukasz Zjawinski,19,1.93,2021-07-30,111,32,8,0,51,35,13,0,0,5802,Środkowy napastnik,ŚNP,Polska,Transfer,Kupiony,400000,Legia Warszawa II,4,Polska,0,False,Napastnik,Młody
572,Stal Mielec,1,Polska,Damian Pawlowski,21,1.85,2021-07-01,136,14,13,0,32,43,26,1,0,9425,Środkowy pomocnik,ŚPM,Polska,Wypożyczenie,Kupiony,200000,Wisła Kraków,1,Polska,0,False,Pomocnik,Młody
573,Stal Mielec,1,Polska,Wojciech Blyszko,20,1.96,2021-07-01,89,4,0,0,5,7,10,0,0,7414,Środkowy obrońca,ŚOB,Polska,Wypożyczenie,Kupiony,0,Jagiellonia Białystok,1,Polska,0,False,Obrońca,Młody
574,Stal Mielec,1,Polska,Pawel Tomczyk,22,1.85,2021-01-13,191,78,10,0,95,67,10,1,0,9262,Środkowy napastnik,ŚNP,Polska,Wypożyczenie,Kupiony,200000,Lech Poznań,1,Polska,0,False,Napastnik,W sile wieku
579,Stal Mielec,1,Polska,Mateusz Bodzioch,30,1.9,2020-10-05,172,10,3,0,7,13,21,3,1,14636,Środkowy obrońca,ŚOB,Polska,Transfer,Sprzedany,150000,Radomiak Radom,1,Polska,0,False,Obrońca,Doświadczony
581,Stal Mielec,1,Polska,Bartlomiej Kielbasa,18,1.73,2021-08-31,29,2,0,0,19,8,6,0,0,1161,Prawy pomocnik,PPM,Polska,Transfer,Sprzedany,0,Resovia Rzeszów,2,Polska,0,False,Pomocnik,Młody
582,Stal Mielec,1,Polska,Adrian Paluchowski,32,1.8,2020-07-11,378,146,37,0,114,97,38,0,1,24552,Środkowy napastnik,ŚNP,Polska,Transfer,Sprzedany,0,Wisła Puławy,3,Polska,0,False,Napastnik,Doświadczony
584,Stal Mielec,1,Polska,Bartosz Nowak,26,1.8,2020-08-03,269,65,46,0,46,92,16,0,0,19780,Ofensywny pomocnik,OPM,Polska,Transfer,Sprzedany,900000,Górnik Zabrze,1,Polska,0,False,Pomocnik,W sile wieku
585,Stal Mielec,1,Polska,Jakub Bartosz,23,1.83,2020-08-11,103,8,5,0,59,22,8,1,0,4530,Prawy pomocnik,PPM,Polska,Transfer,Sprzedany,125000,Puszcza Niepołomice,2,Polska,0,False,Pomocnik,W sile wieku
586,Stal Mielec,1,Polska,Lukas Bielak,33,1.84,2021-08-06,248,7,4,0,53,22,42,6,0,18133,Środkowy obrońca,ŚOB,Słowacja,Wypożyczenie,Sprzedany,0,GKS 1962 Jastrzębie,2,Polska,0,False,Obrońca,Doświadczony
587,Stal Mielec,1,Polska,Jakub Wrobel,27,1.82,2021-07-02,189,36,13,0,62,80,20,3,0,11241,Lewy napastnik,LNP,Polska,Wypożyczenie,Sprzedany,150000,Resovia Rzeszów,2,Polska,0,False,Napastnik,W sile wieku
588,Stal Mielec,1,Polska,Adrian Skrzyniak,19,1.92,2021-02-26,23,2,0,0,5,3,3,0,0,1595,Środkowy obrońca,ŚOB,Polska,Wypożyczenie,Sprzedany,0,Wólczanka Wólka Pełkińska,4,Polska,0,False,Obrońca,Młody
590,Stal Mielec,1,Polska,Pawel Tomczyk,22,1.85,2021-01-13,191,78,10,0,95,67,10,1,0,9262,Środkowy napastnik,ŚNP,Polska,Wypożyczenie,Sprzedany,200000,Lech Poznań,1,Polska,0,False,Napastnik,W sile wieku
591,Stal Mielec,1,Polska,Michal Zyro,27,1.89,2021-08-30,285,51,49,0,123,95,28,1,0,15243,Środkowy napastnik,ŚNP,Polska,Wypożyczenie,Sprzedany,300000,Korona Kielce,2,Polska,0,False,Napastnik,W sile wieku
592,Stal Mielec,1,Polska,Mateusz Zyro,21,1.88,2020-08-05,175,3,2,2,21,20,31,2,0,13444,Środkowy obrońca,ŚOB,Polska,Wypożyczenie,Sprzedany,400000,Legia Warszawa,1,Polska,0,False,Obrońca,Młody
593,Warta Poznań,1,Polska,Jan Grzesik,25,1.78,2020-08-24,230,12,10,1,18,20,30,0,0,19065,Prawy obrońca,POB,Polska,Transfer,Kupiony,600000,ŁKS Łódź,2,Polska,70000,False,Obrońca,W sile wieku
594,Warta Poznań,1,Polska,Mario Rodríguez,23,1.8,2020-09-15,131,8,2,0,61,52,9,0,0,6378,Lewy napastnik,LNP,Hiszpania,Transfer,Kupiony,150000,Recreativo Granada,4,Hiszpania,0,False,Napastnik,W sile wieku
595,Warta Poznań,1,Polska,Mateusz Kuzimski,29,1.79,2020-08-13,207,76,13,0,42,61,24,2,0,15050,Środkowy napastnik,ŚNP,Polska,Transfer,Kupiony,250000,Chojniczanka Chojnice,3,Polska,0,False,Napastnik,W sile wieku
596,Warta Poznań,1,Polska,Mateusz Spychala,22,1.71,2021-07-01,136,2,3,0,15,16,38,4,1,10909,Prawy obrońca,POB,Polska,Transfer,Kupiony,150000,Korona Kielce,2,Polska,0,False,Obrońca,W sile wieku
597,Warta Poznań,1,Polska,Mateusz Czyzycki,22,1.75,2020-08-05,190,15,7,0,53,73,38,2,0,12127,Środkowy pomocnik,ŚPM,Polska,Transfer,Kupiony,300000,Odra Opole,2,Polska,0,False,Pomocnik,W sile wieku
598,Warta Poznań,1,Polska,Michal Kopczynski,28,1.8,2020-08-20,164,4,3,0,39,38,23,1,0,10877,Defensywny pomocnik,DPM,Polska,Transfer,Kupiony,100000,Arka Gdynia,2,Polska,0,False,Pomocnik,W sile wieku
599,Warta Poznań,1,Polska,Konrad Handzlik,22,1.68,2021-07-05,110,5,14,0,27,65,11,0,0,6850,Ofensywny pomocnik,OPM,Polska,Transfer,Kupiony,150000,Olimpia Grudziądz,4,Polska,0,False,Pomocnik,W sile wieku
600,Warta Poznań,1,Polska,Adam Zrelak,26,1.83,2021-02-11,207,42,19,0,42,52,15,0,0,14863,Środkowy napastnik,ŚNP,Słowacja,Transfer,Kupiony,250000,1.FC Nürnberg,2,Niemcy,0,False,Napastnik,W sile wieku
601,Warta Poznań,1,Polska,Mateusz Sopocko,21,1.75,2021-01-27,78,8,0,0,37,19,6,0,0,4012,Ofensywny pomocnik,OPM,Polska,Transfer,Kupiony,150000,Lechia Gdańsk,1,Polska,0,False,Pomocnik,Młody
602,Warta Poznań,1,Polska,Daniel Bielica,21,1.91,2018-03-22,114,0,0,0,1,1,2,0,0,10340,Bramkarz,BRK,Polska,Wypożyczenie,Kupiony,250000,Górnik Zabrze,1,Polska,0,False,Bramkarz,Młody
605,Warta Poznań,1,Polska,Makana Baku,22,1.77,2021-07-13,160,27,19,0,58,60,6,0,0,9303,Lewy napastnik,LNP,Niemcy,Wypożyczenie,Kupiony,1000000,Holstein Kiel,2,Niemcy,0,False,Napastnik,W sile wieku
606,Warta Poznań,1,Polska,Leo Przybylak,16,1.92,2020-08-14,6,0,0,0,0,0,0,0,0,540,Bramkarz,BRK,Polska,Transfer,Kupiony,25000,Warta Poznań U19,8,Polska,0,False,Bramkarz,Junior starszy
608,Warta Poznań,1,Polska,Maik Nawrocki,20,1.91,2021-07-01,91,15,4,1,4,7,20,1,1,7535,Środkowy obrońca,ŚOB,Polska,Wypożyczenie,Kupiony,700000,SV Werder Bremen II,4,Niemcy,0,False,Obrońca,Młody
609,Warta Poznań,1,Polska,Maciej Zurawski,20,1.84,2018-07-12,111,11,9,0,29,52,8,1,0,7003,Środkowy pomocnik,ŚPM,Polska,Wypożyczenie,Kupiony,500000,Pogoń Szczecin,1,Polska,0,False,Pomocnik,Młody
610,Warta Poznań,1,Polska,Sebastian Olszewski,18,1.82,2021-07-01,89,1,1,0,37,13,21,0,0,5078,Prawy pomocnik,PPM,Polska,Wypożyczenie,Kupiony,0,Kotwica Kołobrzeg,4,Polska,0,False,Pomocnik,Młody
611,Warta Poznań,1,Polska,Kajetan Szmyt,18,1.71,2021-07-26,49,2,1,0,21,12,5,0,0,2772,Prawy napastnik,PNP,Polska,Wypożyczenie,Kupiony,100000,Górnik Polkowice,2,Polska,0,False,Napastnik,Młody
616,Warta Poznań,1,Polska,Patryk Stepinski,25,1.78,2020-09-01,194,4,8,0,33,20,29,2,0,15062,Środkowy obrońca,ŚOB,Polska,Transfer,Sprzedany,150000,Widzew Łódź,2,Polska,0,False,Obrońca,W sile wieku
617,Warta Poznań,1,Polska,Tomasz Boczek,30,1.9,2020-08-20,202,26,5,0,7,7,48,3,0,17460,Środkowy obrońca,ŚOB,Polska,Transfer,Sprzedany,100000,Sandecja Nowy Sącz,2,Polska,0,False,Obrońca,Doświadczony
618,Warta Poznań,1,Polska,Michal Grobelny,30,1.8,2020-08-12,197,4,4,0,34,32,54,1,1,14793,Prawy obrońca,POB,Polska,Transfer,Sprzedany,0,Chojniczanka Chojnice,3,Polska,0,False,Obrońca,Doświadczony
619,Warta Poznań,1,Polska,Lukasz Splawski,29,1.9,2021-07-12,124,11,2,0,61,42,18,0,0,6292,Środkowy napastnik,ŚNP,Polska,Transfer,Sprzedany,0,Puszcza Niepołomice,2,Polska,0,False,Napastnik,W sile wieku
620,Warta Poznań,1,Polska,Sergiy Napolov,24,1.78,2021-07-29,140,4,11,0,69,43,7,0,0,6826,Lewy napastnik,LNP,Ukraina,Transfer,Sprzedany,50000,Chojniczanka Chojnice,3,Polska,0,False,Napastnik,W sile wieku
622,Warta Poznań,1,Polska,Adrian Laskowski,28,1.88,2021-02-16,139,11,6,1,39,18,33,3,2,9389,Defensywny pomocnik,DPM,Polska,Transfer,Sprzedany,0,Lech Poznań II,3,Polska,0,False,Pomocnik,W sile wieku
623,Warta Poznań,1,Polska,Bartosz Kalupa,22,1.81,2021-07-01,131,4,0,0,21,35,32,0,1,9601,Defensywny pomocnik,DPM,Polska,Wypożyczenie,Sprzedany,0,Kotwica Kołobrzeg,4,Polska,0,False,Pomocnik,W sile wieku
624,Warta Poznań,1,Polska,Dominik Smykowski,19,1.8,2021-07-28,21,1,0,0,16,5,1,0,0,538,Prawy napastnik,PNP,Polska,Wypożyczenie,Sprzedany,0,Skra Częstochowa,2,Polska,0,False,Napastnik,Młody
625,Warta Poznań,1,Polska,Sebastian Olszewski,19,1.82,2021-07-01,89,1,1,0,37,13,21,0,0,5078,Prawy pomocnik,PPM,Polska,Wypożyczenie,Sprzedany,0,Hutnik Kraków,3,Polska,0,False,Pomocnik,Młody
630,Warta Poznań,1,Polska,Krzysztof Danielewicz,29,1.82,2021-07-07,257,33,32,1,61,78,51,2,0,17173,Ofensywny pomocnik,OPM,Polska,Wypożyczenie,Sprzedany,0,Miedź Legnica,2,Polska,0,False,Pomocnik,W sile wieku
632,Warta Poznań,1,Polska,Karol Gardzielewicz,21,1.71,2021-07-26,104,15,0,0,31,34,9,0,0,6512,Prawy napastnik,PNP,Polska,Wypożyczenie,Sprzedany,0,Miedź Legnica,2,Polska,0,False,Napastnik,Młody
